Classification,Cl,TDS,E.C,Na,T.H,NO3 ,Mg,RSC  meq  / L,Ca,SAR
3,60.0,476.8,745.0,49.0,279.9342105,42.27681818,38.896,-1.198684211,48.0,1.273327902
4,80.0,589.44,921.0,42.0,399.8930921,100.6590909,63.206,-3.397861842,56.0,0.913165517
3,30.0,326.4,510.0,45.0,219.9342105,41.47154545,38.896,-0.398684211,24.0,1.319283964
3,10.0,270.08,422.0,27.0,159.9671053,10.66986364,19.448,0.000657895,32.0,0.928155164
4,60.0,659.2,1030.0,73.0,339.9424342,66.435,34.034,0.001151316,80.0,1.72144176
4,330.0,1362.56,2129.0,162.0,739.7861842,193.2654545,126.412,-7.995723684,88.0,2.589608252
4,40.0,628.48,982.0,85.0,299.9259868,144.9490909,43.758,-1.198519737,48.0,2.133949028
3,30.0,160.0,250.0,10.20021285,99.98355263,24.3595,9.724,-0.846885217,24.0,0.443523991
4,380.0,1177.6,1840.0,150.3975766,599.8190789,159.444,106.964,-7.83894354,64.0,2.669948378
4,140.0,992.0,1550.0,190.9923317,359.8766447,11.29395,72.93,3.746380368,24.0,4.377349903
4,170.0,889.6,1390.0,161.8440782,339.8848684,70.864,68.068,0.401311253,24.0,3.816832154
4,90.0,556.16,869.0,72.64980488,279.9259868,7.9722,43.758,0.192104435,40.0,1.887926173
3,40.0,313.6,490.0,29.8891904,159.9671053,0.4429,19.448,0.349816786,32.0,1.027474311
4,110.0,646.4,1010.0,81.68477438,319.9424342,95.2235,34.034,-1.433483162,72.0,1.985534124
3,30.0,294.4,460.0,39.99707701,99.99177632,0.8858,4.862,1.646980071,32.0,1.739074858
4,160.0,691.84,1081.0,85.27975782,339.9259868,141.728,43.758,-3.727793695,64.0,2.011064218
4,130.0,825.6,1290.0,193.8426385,219.9506579,57.35555,29.172,3.457967525,40.0,5.682753839
4,110.0,634.24,991.0,73.11603375,339.9342105,18.136755,38.896,-0.757371069,72.0,1.724198853
3,20.0,269.44,421.0,27.0,139.9671053,3.422409091,19.448,-0.599342105,24.0,0.992254181
3,40.0,258.56,404.0,16.0,159.9588816,22.145,24.31,-0.999177632,24.0,0.550032013
3,30.0,235.52,368.0,22.0,139.9753289,29.99640909,14.586,-0.599506579,32.0,0.808479657
4,190.0,929.28,1452.0,156.0,379.8930921,121.3948636,63.206,-2.397861842,48.0,3.479894391
4,60.0,524.16,819.0,33.18059628,339.9671053,37.42505,19.448,-1.299360911,104.0,0.782416322
4,220.0,735.36,1149.0,164.4849717,219.9835526,22.167145,9.724,-0.086244769,72.0,4.821734384
4,110.0,764.16,1194.0,101.9418385,359.9506579,58.68425,29.172,0.135571412,96.0,2.336162993
4,170.0,924.8,1445.0,94.40207972,519.9506579,52.7051,29.172,-2.425147394,160.0,1.800000642
4,60.0,498.56,779.0,57.11590859,239.9588816,10.164555,24.31,0.702779753,56.0,1.603100831
4,160.0,882.56,1379.0,80.16061447,519.9588816,118.6972,24.31,-4.069323019,168.0,1.528441078
4,120.0,787.84,1231.0,105.3718166,379.9259868,38.31085,43.758,0.128095032,80.0,2.35042897
4,90.0,536.96,839.0,78.69718452,239.9671053,52.04075,19.448,-0.245598886,64.0,2.20879547
4,520.0,1425.28,2227.0,282.0,539.8684211,39.45836364,77.792,-7.997368421,88.0,5.276881116
4,150.0,496.64,776.0,85.0,259.9177632,63.21390909,48.62,-3.198355263,24.0,2.292308735
4,110.0,729.6,1140.0,135.0,259.9342105,77.30618182,38.896,-1.398684211,40.0,3.640610452
3,100.0,399.36,624.0,92.0,139.9671053,45.09527273,19.448,-0.799342105,24.0,3.381014248
4,140.0,657.28,1027.0,107.0,299.9424342,41.67286364,34.034,-2.398848684,64.0,2.686191595
3,50.0,360.96,564.0,70.0,179.9671053,5.234272727,19.448,-0.799342105,40.0,2.268682068
4,170.0,693.12,1083.0,30.0,539.8355263,62.40863636,97.24,-6.996710526,56.0,0.561387435
4,240.0,933.12,1458.0,202.0,399.9177632,18.31995455,48.62,1.201644737,80.0,4.391755826
4,140.0,789.76,1234.0,165.0,199.9424342,22.74895455,34.034,2.201151316,24.0,5.073452757
4,120.0,809.6,1265.0,200.0,219.9342105,46.5045,38.896,1.801315789,24.0,5.863484282
3,120.0,474.88,742.0,52.0,279.9506579,43.68604545,29.172,-3.799013158,64.0,1.351247058
4,150.0,695.68,1087.0,112.0,299.9342105,82.54045455,38.896,-3.198684211,56.0,2.811753112
4,150.0,676.48,1057.0,114.0,379.9013158,62.81127273,58.344,-2.598026316,56.0,2.542972223
3,30.0,352.0,550.0,61.0,159.9506579,24.76213636,29.172,0.600986842,16.0,2.097050957
4,230.0,1064.96,1664.0,188.0,439.9013158,177.16,58.344,-4.198026316,80.0,3.897197208
4,110.0,590.72,923.0,114.0,259.9424342,72.87718182,34.034,-0.998848684,48.0,3.07424464
4,110.0,673.92,1053.0,133.0,259.9424342,46.30318182,34.034,0.201151316,48.0,3.586618747
3,20.0,196.48,307.0,42.0,99.96710526,5.435590909,19.448,0.600657895,8.0,1.826387374
4,150.0,819.2,1280.0,136.0,359.9095395,43.08209091,53.482,-1.198190789,56.0,3.116839172
4,340.0,1188.48,1857.0,214.0,459.8930921,26.574,63.206,-3.997861842,80.0,4.338678745
4,390.0,1356.8,2120.0,196.2029156,639.8519737,21.812825,87.516,-5.138299807,112.0,3.372390552
4,190.0,834.56,1304.0,44.22634977,559.9588816,77.9504,24.31,-5.279870517,184.0,0.812596957
4,180.0,810.24,1266.0,100.0220632,419.9342105,183.13915,38.896,-4.519997771,104.0,2.122156188
3,30.0,373.12,583.0,24.83216741,239.9588816,46.5045,24.31,-0.831834654,56.0,0.696976888
4,260.0,1055.36,1649.0,106.2358424,599.8026316,153.90775,116.688,-5.98530079,48.0,1.885988528
4,200.0,965.76,1509.0,87.94870116,559.8930921,92.5661,63.206,-3.829276909,120.0,1.616028589
4,50.0,590.72,923.0,75.48433963,299.9342105,65.1063,38.896,0.017517975,56.0,1.895029704
4,150.0,677.76,1059.0,33.46075998,459.8930921,80.38635,63.206,-4.49551719,80.0,0.678390131
4,220.0,835.2,1305.0,79.92125619,479.9506579,77.5075,29.172,-4.618061875,144.0,1.586120469
4,170.0,758.4,1185.0,107.3902156,359.9424342,70.4211,34.034,-1.740947206,88.0,2.461049525
4,50.0,627.2,980.0,70.54645356,339.9013158,12.246185,58.344,1.030809203,40.0,1.663684335
4,70.0,630.4,985.0,80.46929257,319.9342105,52.97084,38.896,0.269266468,64.0,1.956014214
3,60.0,399.36,624.0,42.2707476,219.9917763,34.5462,4.862,-0.601634094,80.0,1.239107169
4,80.0,598.4,935.0,77.92151393,299.9671053,33.88185,19.448,0.131749487,88.0,1.956107552
4,100.0,779.52,1218.0,106.1481337,379.9342105,81.9365,38.896,0.005508256,88.0,2.367719913
3,30.0,334.08,522.0,19.47194868,219.9753289,5.602685,14.586,-0.29308741,64.0,0.570813969
3,40.0,437.76,684.0,45.93396045,239.9753289,50.9335,14.586,-0.164866735,72.0,1.289207307
4,80.0,601.6,940.0,51.24898723,359.9259868,17.250955,43.758,-0.619505526,72.0,1.174494127
4,40.0,563.84,881.0,65.56554923,299.9671053,14.460685,19.448,1.064437024,88.0,1.645928827
3,50.0,408.96,639.0,37.77247864,239.9671053,15.169325,19.448,-0.289382777,64.0,1.060160922
3,20.0,438.4,685.0,47.25617918,239.9588816,8.63655,24.31,1.070687528,56.0,1.326362864
4,100.0,613.76,959.0,65.10218026,339.9424342,39.19665,34.034,-0.788220504,80.0,1.535200161
3,60.0,384.0,600.0,27.65815402,239.9835526,35.432,9.724,-1.362730335,80.0,0.776255367
4,100.0,652.8,1020.0,52.25441718,399.9177632,106.7389,48.62,-2.90019613,80.0,1.136082382
3,20.0,283.52,443.0,57.0,119.9671053,31.003,19.448,0.800657895,16.0,2.262642445
3,70.0,462.08,722.0,89.0,199.9506579,31.40563636,29.172,0.400986842,32.0,2.736533392
3,50.0,426.24,666.0,75.0,179.9506579,45.49790909,29.172,0.000986842,24.0,2.430841869
4,80.0,558.08,872.0,114.0,219.9424342,142.3319545,34.034,-0.998848684,32.0,3.342123558
3,20.0,225.28,352.0,44.0,99.97532895,20.73577273,14.586,0.400493421,16.0,1.913279506
4,190.0,648.96,1014.0,100.3156578,279.9259868,62.006,43.758,-2.355569765,40.0,2.606869437
4,120.0,601.6,940.0,84.85990054,279.9917763,86.3655,4.862,-1.36245409,104.0,2.204966748
4,80.0,698.88,1092.0,94.36825248,339.9177632,12.4012,48.62,1.306381567,56.0,2.225415695
4,150.0,918.4,1435.0,125.7870809,439.84375,66.435,92.378,-0.391922015,24.0,2.607708184
4,130.0,704.0,1100.0,60.61068885,419.9013158,57.577,58.344,-2.519367062,72.0,1.286020128
4,130.0,659.2,1030.0,35.72279257,439.9342105,93.009,38.896,-4.163620195,112.0,0.740497673
4,90.0,675.2,1055.0,48.39248297,419.9013158,110.725,58.344,-2.652311667,72.0,1.026777757
3,70.0,444.8,695.0,40.70985836,259.9177632,27.4598,48.62,-0.963934346,24.0,1.097877222
4,220.0,1091.2,1705.0,164.0807686,499.8519737,35.432,87.516,-0.580641762,56.0,3.190870214
4,190.0,1104.0,1725.0,102.3019911,639.7779605,53.148,131.274,-2.454185429,40.0,1.758496923
4,130.0,590.08,922.0,103.5167455,239.9342105,95.2235,38.896,-1.310201147,32.0,2.905605748
4,20.0,618.88,967.0,22.00807446,439.8519737,64.2205,87.516,-1.031802885,32.0,0.456247963
4,70.0,822.4,1285.0,200.0,239.9259868,28.98981818,43.758,3.601480263,24.0,5.613885037
3,40.0,391.68,612.0,74.0,159.9588816,53.34931818,24.31,0.000822368,24.0,2.543898061
3,40.0,449.28,702.0,84.0,179.9753289,54.55722727,14.586,1.000493421,48.0,2.722356283
3,30.0,351.36,549.0,51.0,179.9506579,25.36609091,29.172,0.400986842,24.0,1.652972471
3,40.0,434.56,679.0,68.0,199.9424342,21.74236364,34.034,0.801151316,24.0,2.0908775
3,30.0,431.36,674.0,55.0,239.9259868,16.30677273,43.758,1.001480263,32.0,1.543818385
4,260.0,1181.44,1846.0,249.0,379.9013158,82.54045455,58.344,-1.998026316,56.0,5.554386698
4,30.0,829.44,1296.0,141.0,379.8848684,6.844818182,68.068,3.802302632,40.0,3.145323206
4,70.0,726.4,1135.0,92.0,359.8930921,64.42181818,63.206,-1.197861842,40.0,2.108498207
4,90.0,775.68,1212.0,59.0,479.8601974,68.44818182,82.654,-3.797203947,56.0,1.171026738
4,50.0,701.44,1096.0,103.0,319.8848684,70.46136364,68.068,-1.797697368,16.0,2.503874402
2,20.0,135.68,212.0,22.0,59.98355263,22.54763636,9.724,-0.599671053,8.0,1.235033542
4,260.0,1135.36,1774.0,166.0,519.8519737,102.6722727,87.516,-4.797039474,64.0,3.165486046
3,50.0,254.72,398.0,35.93565348,119.9917763,1.99305,4.862,-0.151817865,40.0,1.426336413
3,50.0,407.68,637.0,63.72342624,179.9588816,1.10725,24.31,1.070892411,32.0,2.065307109
3,100.0,455.04,711.0,71.00984334,199.9671053,7.0864,19.448,-0.269806782,48.0,2.183290066
3,40.0,330.88,517.0,53.76548932,139.9835526,1.99305,9.724,0.866787839,40.0,1.975773977
4,270.0,989.44,1546.0,99.51565681,559.8519737,188.2325,87.516,-7.270733624,80.0,1.82863476
4,280.0,942.72,1473.0,119.9665707,479.9095395,93.67335,53.482,-4.943259503,104.0,2.380963386
4,190.0,775.04,1211.0,156.5653097,259.9424342,39.861,34.034,0.497377478,48.0,4.222105826
4,350.0,1187.84,1856.0,174.6639509,519.8519737,108.0676,87.516,-4.156606318,64.0,3.330700599
4,350.0,1263.36,1974.0,263.9425723,419.8848684,107.6247,68.068,-1.065254689,56.0,5.600367115
4,330.0,1066.88,1667.0,119.4802649,579.8190789,188.2325,106.964,-7.87255644,56.0,2.157357356
4,70.0,485.12,758.0,52.0,259.9259868,21.33972727,43.758,-0.798519737,32.0,1.402331395
3,80.0,433.92,678.0,84.0,199.9588816,12.28040909,24.31,0.400822368,40.0,2.582742449
4,170.0,803.2,1255.0,174.0,259.9424342,18.52127273,34.034,-1.798848684,48.0,4.692268135
3,60.0,337.92,528.0,40.0,239.9506579,43.48472727,29.172,-1.399013158,48.0,1.122719286
3,60.0,440.96,689.0,36.0,259.9424342,2.818454545,34.034,-0.798848684,48.0,0.970814097
4,30.0,513.28,802.0,92.85292624,199.9588816,14.1728,24.31,2.741027251,40.0,2.854942787
4,90.0,538.24,841.0,65.52229149,279.9506579,20.59485,29.172,-0.434993748,64.0,1.702630839
4,110.0,697.6,1090.0,95.48600542,339.9177632,17.49455,48.62,0.337581688,56.0,2.251774824
4,130.0,514.56,804.0,56.94063963,279.9342105,19.9305,38.896,-1.834948766,48.0,1.479675616
4,280.0,928.0,1450.0,105.2190557,499.8684211,101.867,77.792,-5.618946658,72.0,2.046155867
1,400.0,1324.8,2070.0,201.693798,599.8519737,143.9425,87.516,-5.814117227,96.0,3.580491623
4,130.0,864.0,1350.0,100.9264493,459.8766447,26.574,72.93,-0.427206974,64.0,2.046239583
4,170.0,556.8,870.0,74.57495511,259.9671053,29.89575,19.448,-2.258452531,72.0,2.01097173
4,150.0,531.2,830.0,72.73548026,259.9424342,20.15195,34.034,-1.870300461,48.0,1.961461933
4,320.0,1101.44,1721.0,138.4252969,559.8684211,201.5195,77.792,-7.017054433,96.0,2.543575549
3,40.0,456.96,714.0,63.58111447,219.9588816,24.8024,24.31,0.93305745,48.0,1.863929787
4,170.0,838.4,1310.0,91.93025039,459.8601974,155.015,82.654,-3.897338183,48.0,1.863878919
3,30.0,224.0,350.0,25.34785991,119.9835526,13.7299,9.724,-0.127123313,32.0,1.006126537
3,30.0,244.48,382.0,22.0852428,139.9753289,2.87885,14.586,-0.076825506,32.0,0.811612251
3,80.0,454.4,710.0,44.80065673,259.9424342,37.6465,34.034,-1.303888044,48.0,1.20814192
3,40.0,243.84,381.0,21.8373952,139.9835526,2.43595,9.724,-0.361755018,40.0,0.802480508
4,50.0,556.8,870.0,80.39848452,259.9671053,9.07945,19.448,1.607189842,72.0,2.168007735
4,120.0,694.4,1085.0,158.9467674,199.9588816,12.62265,24.31,2.758822852,40.0,4.887125755
1,460.0,1440.0,2250.0,189.9321594,719.9013158,54.9196,58.344,-6.626937161,192.0,3.077755998
3,30.0,263.68,412.0,19.80130163,159.9753289,2.2145,14.586,-0.127444553,40.0,0.680674369
4,240.0,1067.52,1668.0,99.84615619,619.9506579,143.0567,29.172,-5.544478858,200.0,1.743512044
4,50.0,672.64,1051.0,105.5447845,299.9671053,50.71205,19.448,1.802661271,88.0,2.649550036
4,200.0,903.04,1411.0,151.7265771,379.9013158,38.0894,58.344,-0.071069954,56.0,3.384530448
2,20.0,153.6,240.0,19.0,79.97532895,79.35580223,14.586,-0.199506579,16.0,0.923735741
3,30.0,217.6,340.0,33.0,99.98355263,9.8080205,9.724,0.400328947,24.0,1.434900615
4,250.0,1031.68,1612.0,223.0,339.9013158,10.69965873,58.344,0.801973684,40.0,5.258968919
4,150.0,677.76,1059.0,69.39478669,359.9342105,101.20265,38.896,-2.957053844,80.0,1.590330711
4,210.0,1007.36,1574.0,73.42677121,619.9013158,73.5214,58.344,-4.204556422,152.0,1.282228177
4,320.0,1271.04,1986.0,82.90497879,819.7861842,137.52045,126.412,-8.403516839,120.0,1.258932598
4,130.0,944.0,1475.0,84.12445627,559.8601974,58.24135,82.654,-1.460508979,88.0,1.545804751
4,130.0,831.36,1299.0,135.3795653,359.9013158,52.2622,58.344,0.82498889,48.0,3.102655538
4,240.0,1018.88,1592.0,130.537583,519.9013158,108.73195,58.344,-3.570445587,112.0,2.489128244
4,80.0,748.16,1169.0,13.34107229,559.8848684,104.5244,68.068,-3.852833157,112.0,0.245139636
4,150.0,823.68,1287.0,21.71424667,599.8273026,85.4797,102.102,-5.087894258,72.0,0.385481745
4,130.0,647.68,1012.0,77.89601718,339.9177632,13.46416,48.62,-1.141967438,56.0,1.836963329
3,40.0,275.2,430.0,33.75748878,139.9917763,0.8858,4.862,0.064847175,48.0,1.24048362
4,310.0,1128.96,1764.0,115.1167124,639.9013158,34.878375,58.344,-6.764171099,160.0,1.978581939
4,200.0,901.76,1409.0,114.6073525,459.9177632,39.19665,48.62,-2.334056045,104.0,2.323510034
4,320.0,1171.2,1830.0,175.8569102,539.9342105,48.719,38.896,-3.137484509,152.0,3.290494579
4,60.0,744.32,1163.0,102.959453,359.9095395,94.55915,53.482,0.598461833,56.0,2.359618061
4,130.0,743.04,1161.0,112.0377129,339.8930921,58.68425,63.206,-0.312326398,32.0,2.64219721
4,180.0,947.2,1480.0,94.43889745,539.8601974,198.19775,82.654,-4.834441317,80.0,1.767186632
4,60.0,526.72,823.0,23.38753429,359.9259868,133.7558,43.758,-3.129176638,72.0,0.535981746
4,150.0,794.24,1241.0,57.93682515,499.9753289,7.5293,14.586,-2.79432026,176.0,1.126555441
3,60.0,259.84,406.0,37.61758289,119.9917763,1.660875,4.862,-0.370101951,40.0,1.493094547
4,210.0,826.88,1292.0,96.02446958,439.9259868,24.58095,43.758,-2.930480796,104.0,1.990509581
4,200.0,844.8,1320.0,94.19945782,459.9259868,77.0646,43.758,-3.534368137,112.0,1.909750325
4,170.0,958.08,1497.0,216.7556348,279.9177632,2.6574,48.62,4.009953358,32.0,5.632838903
4,320.0,1232.64,1926.0,176.2833391,579.9424342,106.296,34.034,-3.832487078,176.0,3.182665443
4,210.0,903.04,1411.0,150.5274091,379.9506579,25.001705,29.172,-0.309659931,104.0,3.357562844
4,350.0,1130.88,1767.0,247.0493225,339.9259868,9.96525,43.758,0.16378961,64.0,5.825908343
4,200.0,865.28,1352.0,143.7238086,359.9588816,58.9057,24.31,-1.092035556,104.0,3.293627153
3,80.0,311.68,487.0,37.38850751,159.9753289,2.546675,14.586,-1.071174511,40.0,1.285238679
4,90.0,499.84,781.0,77.82966687,219.9671053,60.89875,19.448,-0.604322695,56.0,2.281594524
1,510.0,1452.8,2270.0,239.8172365,619.8930921,12.22404,63.206,-5.40024074,144.0,4.187879333
4,20.0,517.76,809.0,37.40802198,319.9342105,46.5045,38.896,-0.12026667,64.0,0.909298695
3,40.0,442.24,691.0,104.575608,119.9671053,3.63178,19.448,2.942454881,16.0,4.151179114
1,430.0,1523.2,2380.0,284.1420921,579.8519737,96.77365,87.516,-2.076259964,88.0,5.130375677
4,220.0,838.4,1310.0,87.13108243,459.9095395,9.07945,53.482,-3.038126411,96.0,1.766481381
4,270.0,798.72,1248.0,58.30705248,499.9177632,83.04375,48.62,-6.909154175,120.0,1.133819619
4,140.0,588.8,920.0,101.9702086,239.9588816,2.87885,24.31,-0.144050083,56.0,2.862048949
4,20.0,562.56,879.0,83.4421257,259.9671053,14.83715,19.448,2.574456388,72.0,2.250081889
4,60.0,748.8,1170.0,150.7620236,259.9095395,29.2314,53.482,4.054666595,16.0,4.06586554
4,350.0,1090.56,1704.0,180.0455177,459.9095395,192.88295,53.482,-5.85124811,96.0,3.650213517
4,190.0,1021.44,1596.0,111.6911638,559.8355263,144.16395,97.24,-3.725293888,64.0,2.052394078
4,240.0,1201.92,1878.0,215.3232932,479.8355263,42.0755,97.24,1.132061869,32.0,4.273827386
4,120.0,612.48,957.0,100.1396797,259.9506579,55.3625,29.172,-0.376665055,56.0,2.70042986
3,50.0,412.8,645.0,53.0,239.9342105,32.21090909,38.896,-0.598684211,32.0,1.48765404
3,40.0,418.56,654.0,61.0,239.9342105,46.10186364,38.896,-0.598684211,32.0,1.712205593
3,40.0,377.6,590.0,59.0,199.9424342,44.29,34.034,0.001151316,24.0,1.814143713
4,90.0,587.52,918.0,87.0,299.9095395,27.17795455,53.482,-1.398190789,32.0,2.184219483
3,60.0,354.56,554.0,63.0,179.9506579,34.42540909,29.172,-0.999013158,24.0,2.04190717
3,70.0,282.24,441.0,57.0,119.9753289,27.58059091,14.586,-0.799506579,24.0,2.262564897
3,20.0,285.44,446.0,41.0,139.9588816,7.650090909,24.31,0.800822368,16.0,1.506800616
3,70.0,396.8,620.0,69.0,219.9424342,43.88736364,34.034,-1.198848684,32.0,2.022864259
3,30.0,218.88,342.0,43.0,99.97532895,2.617136364,14.586,0.200493421,16.0,1.869795881
3,40.0,349.44,546.0,60.0,179.9506579,32.41222727,29.172,0.000986842,24.0,1.944673495
4,170.0,700.8,1095.0,148.0,359.8930921,182.7969091,63.206,-3.597861842,40.0,3.391931898
4,140.0,833.28,1302.0,79.85293591,479.9013158,209.27025,58.344,-4.489670196,96.0,1.58484605
4,250.0,1187.84,1856.0,171.5126738,559.9506579,162.5443,29.172,-3.121239135,176.0,3.151327228
4,230.0,750.72,1173.0,87.66690542,399.9177632,8.437245,48.62,-3.424574971,80.0,1.905998231
3,40.0,375.68,587.0,34.05380163,219.9753289,12.97697,14.586,-0.175523878,64.0,0.99827634
3,70.0,415.36,649.0,38.98749683,239.9588816,37.42505,24.31,-1.222537667,56.0,1.094281613
4,300.0,1137.92,1778.0,121.9907584,579.9177632,122.6833,48.62,-5.080796912,152.0,2.202499859
4,260.0,1228.16,1919.0,215.73876,499.8930921,38.75375,63.206,-1.748633811,96.0,4.195287948
4,260.0,898.56,1404.0,76.33240433,539.9342105,189.1183,38.896,-7.656289512,152.0,1.428271214
4,180.0,963.84,1506.0,107.1757466,519.9177632,186.23945,48.62,-4.027002157,128.0,2.043625691
4,140.0,743.04,1161.0,84.98350433,399.9342105,125.56215,38.896,-2.873728091,96.0,1.847619434
4,180.0,867.84,1356.0,111.5437787,439.8766447,79.2791,72.93,-2.061179789,56.0,2.312341986
4,160.0,644.48,1007.0,104.2529963,279.9671053,56.91265,19.448,-1.455858921,80.0,2.708988779
4,280.0,944.0,1475.0,157.598808,399.9671053,10.6296,19.448,-2.276991771,128.0,3.426201927
4,150.0,856.96,1339.0,70.41989156,519.8601974,65.9921,82.654,-2.768841438,72.0,1.342839885
4,200.0,799.36,1249.0,67.8796969,479.8684211,17.93745,77.792,-3.453378726,64.0,1.347258626
4,90.0,751.36,1174.0,104.6739926,359.9342105,41.41115,38.896,0.780487581,80.0,2.398829551
4,170.0,811.52,1268.0,80.5001113,459.9177632,105.18875,48.62,-3.552384737,104.0,1.632031561
4,320.0,991.36,1549.0,109.548683,539.9013158,56.2483,58.344,-5.769321852,120.0,2.049850234
4,30.0,520.32,813.0,59.43722198,279.9342105,14.239235,38.896,1.22851591,48.0,1.544552514
4,90.0,759.04,1186.0,154.8754567,259.9424342,34.302605,34.034,3.034599297,48.0,4.176535463
4,270.0,993.28,1552.0,209.0,299.9177632,31.003,48.62,-1.998355263,40.0,5.247076015
4,120.0,488.32,763.0,84.0,199.9506579,17.11204545,29.172,-1.399013158,32.0,2.582795561
4,190.0,1087.36,1699.0,136.0,279.9259868,1.811863636,43.758,-3.198519737,40.0,3.534186498
4,230.0,800.0,1250.0,182.0,219.9588816,89.18395455,24.31,-1.799177632,48.0,5.335471453
4,180.0,774.4,1210.0,145.0,239.9506579,110.9263182,29.172,-1.799013158,48.0,4.06985741
3,10.0,371.2,580.0,14.1310685,259.9424342,33.2175,34.034,-0.420404199,48.0,0.381073347
4,80.0,576.0,900.0,32.06496904,379.9342105,40.52535,38.896,-1.848318809,88.0,0.71523505
3,70.0,296.32,463.0,41.8859952,139.9835526,2.6574,9.724,-0.503716802,40.0,1.539226377
1,50.0,611.2,955.0,82.63768615,299.9424342,35.432,34.034,1.245016597,64.0,2.074585588
1,530.0,1504.0,2350.0,257.8130012,619.8930921,205.9485,63.206,-8.588208913,144.0,4.50213569
4,180.0,807.68,1262.0,98.64370488,419.9259868,42.29695,43.758,-2.142171393,96.0,2.092932218
4,150.0,723.2,1130.0,76.98178831,399.9095395,88.58,53.482,-2.740713995,72.0,1.673706403
4,340.0,1243.52,1943.0,257.3996798,419.8601974,101.867,82.654,-1.100962895,32.0,5.461699647
4,60.0,620.8,970.0,94.31462036,279.9588816,59.7915,24.31,1.097489277,72.0,2.45077849
4,110.0,757.76,1184.0,51.88061293,479.8930921,108.5105,63.206,-3.290848701,88.0,1.029686486
4,80.0,646.4,1010.0,141.4692268,199.9506579,25.46675,29.172,2.999876053,32.0,4.349834416
4,310.0,1109.76,1734.0,97.65486215,659.8601974,106.296,82.654,-6.862134445,128.0,1.652875221
3,20.0,302.72,473.0,25.95773746,179.9671053,9.7438,19.448,0.216365912,40.0,0.841283622
4,170.0,661.12,1033.0,55.10541238,399.9013158,70.864,58.344,-4.020817694,64.0,1.198091547
4,30.0,500.48,782.0,33.36323429,319.9259868,84.151,43.758,-1.005719616,56.0,0.810990095
4,70.0,697.6,1090.0,39.58012307,459.9177632,77.5075,48.62,-2.048077203,104.0,0.802433798
4,210.0,938.24,1466.0,118.3005616,479.8684211,70.864,77.792,-2.523991385,64.0,2.347998877
4,270.0,1255.04,1961.0,136.6798124,419.9013158,139.5135,58.344,0.73499382,72.0,2.900032869
3,60.0,394.88,617.0,31.34381556,239.9424342,3.76465,34.034,-0.609977014,40.0,0.879772731
3,80.0,479.36,749.0,43.85447438,279.9424342,70.864,34.034,-1.91600233,56.0,1.139598075
4,220.0,628.48,982.0,88.21230163,299.9753289,20.8163,14.586,-2.838427915,96.0,2.214412624
4,200.0,951.04,1486.0,105.0818557,519.8684211,34.1033,77.792,-2.251126345,80.0,2.003794494
4,180.0,863.36,1349.0,155.5836327,339.9506579,46.28305,29.172,0.233516139,88.0,3.66883456
4,400.0,1190.4,1860.0,208.3860012,479.8930921,192.6615,63.206,-6.159862215,88.0,4.13588501
4,170.0,682.24,1066.0,89.49147492,339.9342105,11.9583,38.896,-1.482275589,72.0,2.110359254
3,80.0,396.16,619.0,41.53655991,219.9835526,14.1728,9.724,-1.053080651,72.0,1.217608254
4,140.0,588.8,920.0,74.60801819,299.9917763,19.0447,4.862,-1.475213931,112.0,1.872849991
3,20.0,394.88,617.0,22.93834923,259.9671053,154.79355,19.448,-2.401486469,72.0,0.618550447
4,130.0,564.48,882.0,74.85415728,279.9342105,47.3903,38.896,-1.630605909,48.0,1.945181368
4,130.0,766.72,1198.0,111.089953,359.9095395,60.89875,53.482,-0.382069631,56.0,2.545952332
3,30.0,478.08,747.0,52.41760271,259.9588816,15.5015,24.31,0.995932013,64.0,1.413503828
3,30.0,203.52,318.0,26.43778932,99.98355263,3.9861,9.724,0.029886211,24.0,1.149563641
3,20.0,366.08,572.0,20.88274977,239.9588816,133.7558,24.31,-2.024202948,56.0,0.586126604
4,120.0,551.04,861.0,70.29350433,279.9342105,50.0477,38.896,-1.641021822,48.0,1.826666947
3,20.0,245.12,383.0,13.96250217,159.9671053,3.9861,19.448,-0.202610279,32.0,0.479976611
4,210.0,645.76,1009.0,179.0,200.0,34.82804545,5.0,-0.4,80.0,5.503135384
3,30.0,464.64,726.0,116.0,139.9753289,64.42181818,14.586,2.600493421,32.0,4.262892735
4,360.0,1292.16,2019.0,199.0,619.8273026,41.87418182,102.102,-4.196546053,80.0,3.475280705
4,230.0,995.84,1556.0,136.0,439.9013158,102.6722727,58.344,-3.198026316,80.0,2.819249044
4,130.0,577.92,903.0,132.0,239.9588816,52.34272727,24.31,-0.399177632,56.0,3.704910155
4,40.0,633.6,990.0,82.12910913,319.9506579,65.9921,29.172,1.00133621,80.0,1.996309035
4,260.0,872.32,1363.0,85.40600488,499.9259868,41.85405,43.758,-4.887025039,128.0,1.660763206
4,70.0,652.16,1019.0,69.61665085,359.9424342,28.7885,34.034,0.242576995,88.0,1.59539698
4,330.0,1024.0,1600.0,168.1888332,439.9424342,11.9583,34.034,-3.582966402,120.0,3.486353295
4,130.0,826.88,1292.0,105.7912749,419.9342105,9.52235,38.896,-0.135891623,104.0,2.244560866
4,50.0,609.92,953.0,36.05333963,399.9342105,26.1311,38.896,-0.645452263,96.0,0.783832715
4,290.0,988.16,1544.0,106.0090289,539.9177632,60.2344,48.62,-5.099912825,136.0,1.983586813
3,70.0,390.4,610.0,48.81981502,199.9506579,50.9335,29.172,-0.942997003,32.0,1.501090494
4,250.0,851.2,1330.0,114.0632183,419.9013158,152.8005,58.344,-5.162176102,72.0,2.420160493
3,60.0,428.8,670.0,81.55781502,159.9506579,6.42205,29.172,1.47170137,16.0,2.803785148
4,230.0,627.2,980.0,51.42502361,379.9095395,15.72295,53.482,-4.948443831,64.0,1.147113958
4,300.0,877.44,1371.0,67.52827872,539.8766447,31.4459,72.93,-6.567012639,96.0,1.263602783
3,50.0,422.4,660.0,50.60750271,219.9588816,31.22445,24.31,0.075378125,48.0,1.483598275
4,220.0,1091.2,1705.0,100.4303429,639.8848684,126.2265,68.068,-4.553918704,144.0,1.726180432
3,20.0,428.8,670.0,17.37714551,299.9342105,77.5075,38.896,-1.34636667,56.0,0.436252169
3,50.0,220.8,345.0,43.88047755,59.98355263,2.2145,9.724,0.415908514,8.0,2.463357347
3,10.0,380.8,595.0,27.64329683,239.9588816,14.83715,24.31,0.507528758,56.0,0.775878266
3,60.0,390.4,610.0,21.4156161,259.9342105,50.9335,38.896,-1.881493493,40.0,0.577525302
4,280.0,872.96,1364.0,75.58033274,519.8601974,84.151,82.654,-6.417801232,72.0,1.441244556
3,20.0,166.4,260.0,5.076154025,119.9835526,33.2175,9.724,-0.967067797,32.0,0.201486567
4,310.0,949.12,1483.0,122.5261322,479.8684211,44.29,77.792,-4.684698918,64.0,2.431866906
3,40.0,288.0,450.0,21.54214977,179.9588816,31.22445,24.31,-0.838280645,32.0,0.698191508
3,10.0,236.8,370.0,12.02327167,159.9835526,44.29,9.724,-0.616297996,48.0,0.41329215
4,120.0,744.96,1164.0,123.0606578,320.0,0.68665,43.758,1.130955747,56.0,2.991345915
4,190.0,888.32,1388.0,173.7189712,320.0,1.17395,58.344,1.195261751,32.0,4.222905856
4,250.0,806.4,1260.0,125.9555755,360.0,27.5546,43.758,-2.807544523,72.0,2.886575747
4,320.0,1260.8,1970.0,224.302459,500.0,127.584,106.964,-2.147693782,24.0,4.362141847
4,240.0,777.6,1215.0,97.37056424,400.0,69.7725,48.62,-4.545336439,80.0,2.116969024
1,380.0,1555.2,2430.0,273.3512098,600.0,170.7765,87.516,-2.102619292,96.0,4.852562282
3,50.0,295.68,462.0,44.0,179.9424342,44.49131818,34.034,-0.998848684,16.0,1.426126483
3,40.0,272.0,425.0,36.0,159.9506579,34.82804545,29.172,-0.599013158,16.0,1.237603843
3,40.0,217.6,340.0,67.0,139.9588816,76.29959091,24.31,-0.199177632,16.0,2.462332714
4,120.0,721.28,1127.0,116.0,319.9013158,69.25345455,58.344,-0.598026316,32.0,2.819824892
4,140.0,950.4,1485.0,193.0,359.8848684,151.5925909,68.068,-0.397697368,32.0,4.423313079
3,50.0,462.08,722.0,72.0,199.9424342,42.47813636,34.034,0.201151316,24.0,2.213870294
4,170.0,796.16,1244.0,134.0,319.9095395,37.24386364,53.482,-0.998190789,40.0,3.25734206
4,260.0,883.84,1381.0,154.0,399.9013158,47.51109091,58.344,-4.398026316,64.0,3.348239135
4,170.0,715.52,1118.0,128.0,299.9095395,2.415818182,53.482,-0.798190789,32.0,3.213564297
4,200.0,892.16,1394.0,152.0,419.9013158,47.10845455,58.344,-2.198026316,72.0,3.225092194
3,140.0,458.88,717.0,61.0,259.9342105,22.34631818,38.896,-3.598684211,40.0,1.645016575
4,240.0,966.4,1510.0,120.0,479.8930921,130.8568182,63.206,-7.597861842,88.0,2.381667667
4,210.0,721.92,1128.0,111.0,319.9259868,48.92031818,43.758,-3.998519737,56.0,2.698176675
4,20.0,480.0,750.0,58.0,239.9259868,5.636909091,43.758,1.001480263,24.0,1.628026661
4,90.0,605.44,946.0,75.0,339.8848684,27.37927273,68.068,-1.197697368,24.0,1.768754314
1,340.0,1481.6,2315.0,256.0,459.9259868,134.8831818,43.758,-2.798519737,112.0,5.190009525
3,80.0,448.0,700.0,61.0,239.9259868,19.9305,43.758,-0.798519737,24.0,1.712234936
4,250.0,1139.2,1780.0,204.088137,439.8848684,7.9722,68.068,1.077676655,64.0,4.230779719
4,170.0,1159.68,1812.0,142.7847594,559.9013158,7.30785,58.344,-1.157527218,128.0,2.623603938
4,120.0,1030.4,1610.0,205.8761231,339.9177632,6.42205,48.62,3.598216649,56.0,4.855022145
4,480.0,1286.4,2010.0,124.8112546,739.8848684,0.66435,68.068,-9.398766863,184.0,1.995004318
4,30.0,556.8,870.0,35.94681076,359.9259868,26.1311,43.758,-0.19880533,72.0,0.823807852
1,370.0,1459.2,2280.0,251.3515851,599.8684211,21.2592,77.792,-1.892398676,112.0,4.461961231
4,220.0,1248.0,1950.0,148.257707,659.8930921,19.70905,63.206,-4.379773654,160.0,2.509300378
1,270.0,1491.2,2330.0,175.2754183,759.8108553,1.99305,111.826,-4.799977922,120.0,2.764651726
4,90.0,816.0,1275.0,147.2480573,319.9342105,29.2314,38.896,-0.721993372,64.0,3.579244751
4,320.0,1116.8,1745.0,163.8370391,519.9424342,121.7975,34.034,-2.707125173,152.0,3.123968335
1,340.0,1507.2,2355.0,273.0,539.8601974,66.435,82.654,-3.797203947,80.0,5.108508925
3,40.0,361.6,565.0,89.0,139.9917763,38.04913636,4.862,1.200164474,48.0,3.196981731
4,20.0,490.24,766.0,39.0,199.9588816,41.27022727,24.31,-0.199177632,40.0,1.199130423
3,20.0,355.2,555.0,40.0,199.9588816,14.09227273,24.31,0.400822368,40.0,1.229877357
3,30.0,470.4,735.0,44.0,319.9424342,18.92390909,34.034,0.401151316,72.0,0.9965982
4,80.0,560.0,875.0,66.0,299.9424342,49.72559091,34.034,-0.798848684,64.0,1.631798632
4,370.0,1331.2,2080.0,163.0,639.8601974,143.7411818,82.654,-8.597203947,120.0,2.801671553
3,30.0,374.4,585.0,28.0,259.9424342,13.48831818,34.034,0.001151316,48.0,0.755077631
4,210.0,822.4,1285.0,98.0,499.8930921,102.0683182,63.206,-4.997861842,96.0,1.905722546
3,40.0,175.36,274.0,12.31,99.97532895,1.24012,14.586,-0.799506579,16.0,0.535283425
4,130.0,869.12,1358.0,115.0,419.8601974,184.6893,82.654,-1.397203947,32.0,2.440156336
3,10.0,326.4,510.0,51.22,179.9342105,0.4429,38.896,1.601315789,8.0,1.660178811
4,290.0,1207.68,1887.0,197.0,519.8190789,118.2543,106.964,-2.596381579,32.0,3.756749891
4,70.0,510.72,798.0,83.0,219.9342105,13.86277,38.896,1.001315789,24.0,2.433345977
4,60.0,507.52,793.0,17.04,259.9671053,159.8869,19.448,-2.399342105,72.0,0.459496868
3,50.0,324.48,507.0,37.38,159.9671053,0.4429,19.448,0.200657895,32.0,1.28497926
3,30.0,335.36,524.0,35.31,199.9671053,150.586,19.448,-1.999342105,48.0,1.085651912
3,40.0,321.92,503.0,51.73,99.99177632,4.11897,4.862,1.800164474,32.0,2.249222921
3,30.0,277.12,433.0,6.18,219.9424342,24.04947,34.034,-1.198848684,32.0,0.181178277
3,30.0,249.6,390.0,43.0,99.98355263,20.93709091,9.724,-0.399671053,24.0,1.869718983
3,30.0,282.88,442.0,46.0,119.9753289,24.3595,14.586,0.600493421,24.0,1.825929566
3,40.0,345.6,540.0,53.0,139.9671053,60.19413636,19.448,0.000657895,24.0,1.947758208
4,140.0,800.64,1251.0,135.0,359.9177632,95.62613636,48.62,-1.598355263,64.0,3.093885891
4,80.0,558.08,872.0,72.0,239.9506579,29.49714,29.172,0.600986842,48.0,2.020894714
4,120.0,714.24,1116.0,79.0,439.9342105,39.19665,38.896,-1.398684211,112.0,1.637590792
4,90.0,520.96,814.0,72.0,259.9342105,29.40856,38.896,0.401315789,40.0,1.941658908
3,60.0,216.96,339.0,29.0,139.9753289,3.49891,14.586,-0.599506579,32.0,1.065723184
4,80.0,546.56,854.0,72.0,259.9588816,29.27569,24.31,0.600822368,64.0,1.94156677
4,180.0,952.96,1489.0,87.0,519.9342105,191.3328,38.896,-5.998684211,144.0,1.658888588
4,80.0,555.52,868.0,72.0,279.9342105,31.09158,38.896,0.401315789,48.0,1.871012428
4,80.0,517.76,809.0,70.0,259.9671053,77.0646,19.448,-0.799342105,72.0,1.887604504
4,110.0,552.96,864.0,97.0,339.9424342,59.7915,34.034,-1.998848684,80.0,2.287395215
4,100.0,519.68,812.0,74.0,439.8848684,61.80468182,68.068,-3.397697368,64.0,1.534031834
4,130.0,922.88,1442.0,231.0,399.8766447,13.08568182,72.93,2.802467105,40.0,5.022513632
4,130.0,766.08,1197.0,138.0,519.8108553,7.851409091,111.826,-0.796217105,24.0,2.63165272
4,80.0,628.48,982.0,54.0,519.8601974,12.68304545,82.654,-2.997203947,72.0,1.02972828
3,30.0,248.32,388.0,66.0,99.99177632,5.636909091,4.862,0.400164474,32.0,2.869683217
4,120.0,640.64,1001.0,93.0,379.9424342,6.240863636,34.034,-2.598848684,96.0,2.074417713
4,110.0,709.12,1108.0,224.0,339.8930921,24.3595,63.206,1.402138158,32.0,5.282615645
4,160.0,824.96,1289.0,168.0,499.8766447,141.3253636,72.93,-3.997532895,80.0,3.267006681
4,50.0,481.28,752.0,107.0,299.9342105,40.86759091,38.896,0.801315789,56.0,2.68622842
4,50.0,560.0,875.0,104.0,399.8766447,32.21090909,72.93,1.602467105,40.0,2.261218259
4,130.0,715.52,1118.0,225.0,379.8766447,35.83463636,72.93,3.002467105,32.0,5.019187102
3,30.0,325.76,509.0,41.0,159.9671053,8.455363636,19.448,0.000657895,32.0,1.409420804
4,200.0,848.0,1325.0,123.0,459.8601974,157.0281818,82.654,-4.797203947,48.0,2.493815757
4,150.0,754.56,1179.0,133.0,339.9259868,106.6986364,43.758,-2.398519737,64.0,3.136401273
4,200.0,1003.52,1568.0,209.0,279.9835526,195.2786364,9.724,-1.399671053,96.0,5.430654706
3,30.0,325.12,508.0,46.0,139.9588816,20.53445455,24.31,0.400822368,16.0,1.690556788
4,110.0,794.88,1242.0,171.0,299.9013158,33.01618182,58.344,1.801973684,24.0,4.293179914
4,230.0,1066.24,1666.0,231.0,339.8848684,58.38227273,68.068,-0.797697368,24.0,5.447763288
4,130.0,659.2,1030.0,104.0,319.9177632,11.64827,48.62,0.601644737,48.0,2.528053881
4,100.0,481.92,753.0,42.0,299.9671053,76.1788,19.448,-2.799342105,88.0,1.054349602
3,50.0,309.76,484.0,46.0,159.9753289,5.53625,14.586,0.200493421,40.0,1.581260745
4,260.0,1024.64,1601.0,56.0,639.9424342,115.95122,34.034,-6.998848684,200.0,0.962475618
4,170.0,893.44,1396.0,96.42,479.8848684,74.8501,68.068,-2.197697368,80.0,1.913686367
4,90.0,638.08,997.0,57.48,359.8930921,79.2791,63.206,-1.797861842,40.0,1.31735301
4,250.0,824.96,1289.0,43.2,539.9013158,35.8749,58.344,-6.798026316,120.0,0.808348651
4,220.0,800.0,1250.0,77.39,419.9095395,40.7468,53.482,-3.798190789,80.0,1.642022637
3,60.0,428.16,669.0,16.0,299.9259868,30.73726,43.758,-1.798519737,48.0,0.401684523
4,200.0,1001.6,1565.0,160.0,439.8930921,187.7896,63.206,-2.397861842,72.0,3.316794584
1,500.0,1651.2,2580.0,283.0,619.7861842,16.3873,126.412,-2.795723684,40.0,4.942397303
3,40.0,406.4,635.0,48.36,219.9424342,26.35255,34.034,0.201151316,32.0,1.417763994
4,240.0,792.96,1239.0,50.0,499.9342105,53.148,38.896,-6.198684211,136.0,0.972267436
4,120.0,867.84,1356.0,95.04,459.8930921,159.444,63.206,-2.397861842,80.0,1.926859943
4,280.0,928.0,1450.0,57.52,599.8273026,94.7806,102.102,-7.596546053,72.0,1.02112269
4,170.0,663.04,1036.0,40.2,419.9095395,17.14023,53.482,-3.798190789,80.0,0.852943662
4,70.0,608.0,950.0,71.14,339.9095395,26.30826,53.482,0.201809211,48.0,1.677661539
4,80.0,492.8,770.0,62.69,239.9588816,10.05383,24.31,-0.399177632,56.0,1.759551648
3,20.0,454.4,710.0,47.84,279.9506579,0.93009,29.172,1.200986842,64.0,1.243147293
3,50.0,270.72,423.0,32.19,139.9835526,8.32652,9.724,-0.399671053,40.0,1.182917986
3,40.0,418.56,654.0,27.81,259.9753289,32.7746,14.586,-0.799506579,80.0,0.749906442
4,230.0,890.88,1392.0,40.0,619.8519737,103.1957,87.516,-7.197039474,104.0,0.698534984
3,30.0,307.2,480.0,48.0,139.9753289,22.145,14.586,-0.199506579,32.0,1.763955614
4,120.0,602.24,941.0,95.0,299.9259868,23.75554545,43.758,-0.998519737,48.0,2.385001854
3,100.0,454.4,710.0,71.0,219.9588816,41.87418182,24.31,-1.199177632,48.0,2.081420182
4,150.0,823.04,1286.0,152.0,339.9342105,81.73518182,38.896,-1.598684211,72.0,3.58441524
4,70.0,481.28,752.0,88.0,199.9588816,21.54104545,24.31,-0.199177632,40.0,2.705730185
4,160.0,904.96,1414.0,96.0,539.8930921,73.0785,63.206,-2.197861842,112.0,1.796344016
1,280.0,1497.6,2340.0,231.0,679.8766447,211.2633,72.93,-1.997532895,152.0,3.851847484
4,60.0,493.44,771.0,75.0,239.9671053,26.75116,19.448,0.600657895,64.0,2.105026517
4,70.0,528.64,826.0,81.0,259.9588816,31.4459,24.31,0.600822368,64.0,2.184262617
4,140.0,790.4,1235.0,70.5,519.8848684,68.6495,68.068,-3.197697368,96.0,1.344335578
3,40.0,224.0,350.0,29.0,119.9835526,4.16326,9.724,-0.199671053,32.0,1.151090059
4,130.0,720.64,1126.0,55.0,459.9095395,26.574,53.482,-1.998190789,96.0,1.115061047
3,70.0,390.4,610.0,29.16,259.9588816,25.82107,24.31,-1.599177632,64.0,0.786334542
4,120.0,716.8,1120.0,118.5,319.9342105,13.41987,38.896,0.801315789,64.0,2.880448889
4,60.0,615.68,962.0,75.0,339.9506579,1.55015,29.172,1.000986842,88.0,1.768583156
4,180.0,937.6,1465.0,87.2,519.9259868,91.2374,43.758,-3.398519737,136.0,1.662715275
4,20.0,593.92,928.0,135.0,279.9342105,2.617136364,38.896,3.201315789,48.0,3.508148302
4,40.0,523.52,818.0,55.0,359.9835526,43.48472727,9.724,-1.599671053,128.0,1.260356844
4,40.0,561.92,878.0,40.0,379.9259868,45.09527273,43.758,-0.798519737,80.0,0.892241985
3,20.0,292.48,457.0,27.0,239.9424342,25.36609091,34.034,-0.798848684,40.0,0.757848504
3,40.0,401.28,627.0,68.0,259.9671053,21.94368182,19.448,0.200657895,72.0,1.833672946
4,50.0,508.8,795.0,74.0,279.9671053,15.90413636,19.448,2.000657895,80.0,1.922872021
4,130.0,570.24,891.0,98.0,279.9342105,45.09527273,38.896,-1.798684211,48.0,2.546655804
4,70.0,566.4,885.0,92.0,299.9342105,22.34631818,38.896,0.401315789,56.0,2.309654342
4,180.0,988.8,1545.0,164.0,459.8848684,141.728,68.068,-2.997697368,72.0,3.324998486
3,60.0,405.76,634.0,70.0,199.9506579,4.630318182,29.172,0.000986842,32.0,2.152329634
4,80.0,582.4,910.0,104.0,279.9342105,44.08868182,38.896,-0.798684211,48.0,2.702573507
4,150.0,811.52,1268.0,136.0,379.9095395,43.68604545,53.482,-1.798190789,64.0,3.033688414
4,70.0,522.88,817.0,90.0,259.9424342,67.44159091,34.034,-0.798848684,48.0,2.427035242
3,20.0,216.32,338.0,42.0,99.97532895,4.026363636,14.586,0.400493421,16.0,1.826312256
3,40.0,391.04,611.0,58.16,199.9753289,9.65522,14.586,0.800493421,56.0,1.788168137
4,200.0,1135.36,1774.0,181.5,539.8601974,80.6078,82.654,-0.397203947,80.0,3.396316373
4,200.0,811.52,1268.0,77.44,439.9588816,30.42723,24.31,-2.999177632,136.0,1.605208547
4,50.0,599.68,937.0,146.6,159.9753289,3.1003,14.586,4.000493421,40.0,5.039409245
4,50.0,712.32,1113.0,161.1,219.9259868,1.63873,43.758,4.801480263,16.0,4.723124893
4,200.0,1022.08,1597.0,91.7,579.9259868,40.52535,43.758,-2.798519737,160.0,1.655599225
3,50.0,472.32,738.0,70.99,219.9588816,30.64868,24.31,0.600822368,48.0,2.081127024
4,140.0,852.48,1332.0,140.4,379.9259868,49.1619,43.758,0.401480263,80.0,3.131769366
4,440.0,1388.8,2170.0,183.6,679.9177632,66.435,48.62,-6.598355263,192.0,3.061375816
3,60.0,371.84,581.0,64.0,179.9671053,23.95686364,19.448,-0.599342105,40.0,2.074223605
3,60.0,408.32,638.0,67.0,179.9671053,6.039545455,19.448,0.000657895,40.0,2.171452837
4,200.0,1036.8,1620.0,189.0,439.9013158,8.858,58.344,-2.798026316,80.0,3.91792698
4,100.0,657.28,1027.0,108.0,279.9424342,10.46854545,34.034,-1.598848684,56.0,2.806477419
3,50.0,402.56,629.0,66.0,199.9588816,38.45177273,24.31,0.000822368,40.0,2.029297639
3,30.0,248.32,388.0,37.0,119.9753289,1.207909091,14.586,0.200493421,24.0,1.468682477
4,30.0,578.56,904.0,96.0,279.9671053,29.14282,19.448,2.400657895,80.0,2.494536676
3,30.0,437.76,684.0,81.0,159.9917763,9.96525,4.862,2.200164474,56.0,2.784250798
4,80.0,675.2,1055.0,70.0,399.9424342,16.16585,34.034,0.201151316,104.0,1.521848642
4,270.0,1145.6,1790.0,89.0,719.8519737,77.5075,87.516,-5.997039474,144.0,1.442250077
1,380.0,1664.0,2600.0,209.0,839.84375,106.7389,92.378,-4.396875,184.0,3.135589509
4,60.0,794.24,1241.0,69.0,499.9095395,28.83279,53.482,0.201809211,112.0,1.341762169
4,260.0,1292.8,2020.0,114.0,719.8930921,140.8422,63.206,-4.797861842,184.0,1.847323743
4,120.0,674.56,1054.0,78.0,379.9342105,28.30131,38.896,-0.998684211,88.0,1.73985304
4,250.0,995.84,1556.0,190.0,399.9259868,74.4072,43.758,-1.198519737,88.0,4.130816969
4,70.0,720.64,1126.0,82.0,419.9013158,23.73944,58.344,0.801973684,72.0,1.739852368
3,50.0,416.0,650.0,31.0,299.9835526,7.75075,9.724,-0.399671053,104.0,0.778189086
4,110.0,554.88,867.0,54.0,319.9753289,16.43159,14.586,-1.399506579,104.0,1.312525279
4,70.0,622.72,973.0,43.0,399.9917763,31.97738,4.862,-0.799835526,152.0,0.934792218
3,20.0,338.56,529.0,34.0,199.9835526,11.20537,9.724,0.600328947,64.0,1.045331268
4,120.0,748.16,1169.0,102.98,339.9588816,178.0458,24.31,-1.999177632,96.0,2.428353206
3,60.0,395.52,618.0,24.11,239.9835526,9.03516,9.724,-0.999671053,80.0,0.676672669
4,170.0,914.56,1429.0,113.79,479.9259868,9.07945,43.758,0.201480263,120.0,2.258338966
4,230.0,979.2,1530.0,96.91,479.9259868,169.1878,43.758,-5.598519737,120.0,1.923329196
4,70.0,655.36,1024.0,107.8,279.9588816,37.77937,24.31,1.600822368,72.0,2.80119795
3,80.0,405.76,634.0,40.17,219.9506579,19.57618,29.172,-0.799013158,40.0,1.177636785
3,20.0,203.52,318.0,42.0,100.0,3.221090909,5.0,1.0,40.0,1.826086957
3,30.0,259.2,405.0,53.0,99.98355263,3.623727273,9.724,1.400328947,24.0,2.304537352
4,230.0,984.32,1538.0,240.0,419.9013158,3.019772727,58.344,2.201973684,72.0,5.092250833
4,170.0,774.4,1210.0,88.3,399.9588816,132.4271,24.31,-3.199177632,120.0,1.919663887
4,220.0,1016.96,1589.0,98.73,579.9588816,32.73031,24.31,-2.799177632,192.0,1.782471929
4,210.0,920.32,1438.0,103.0,499.9095395,39.99387,53.482,-2.998190789,112.0,2.002920338
4,240.0,1195.52,1868.0,104.43,759.8273026,147.4857,102.102,-5.796546053,136.0,1.647175957
4,360.0,1420.8,2220.0,239.2,579.9177632,103.6386,48.62,-2.598355263,152.0,4.31867113
4,110.0,925.44,1446.0,59.0,599.9177632,211.7062,48.62,-3.798355263,160.0,1.047317391
4,200.0,851.2,1330.0,111.11,439.9013158,24.40379,58.344,-2.598026316,80.0,2.303285009
4,160.0,804.48,1257.0,155.88,319.9013158,143.9425,58.344,-0.998026316,32.0,3.789261243
4,400.0,1408.0,2200.0,180.4,639.9424342,12.4012,34.034,-5.398848684,200.0,3.100546455
3,60.0,408.96,639.0,71.69,159.9671053,4.73903,19.448,0.800657895,32.0,2.46442384
4,330.0,1020.16,1594.0,175.5,419.9342105,86.3655,38.896,-4.798684211,104.0,3.723562574
4,110.0,675.2,1055.0,119.03,279.9259868,19.0447,43.758,1.001480263,40.0,3.093192786
4,60.0,640.64,1001.0,24.81,459.9506579,162.5443,29.172,-3.799013158,136.0,0.502971418
3,40.0,200.96,314.0,25.21,119.9835526,1.90447,9.724,-0.399671053,32.0,1.000654496
3,60.0,364.16,569.0,17.14,219.9342105,11.0725,38.896,-1.398684211,24.0,0.502500603
4,230.0,920.32,1438.0,104.66,479.9506579,37.77937,29.172,-2.999013158,144.0,2.077086575
4,290.0,988.8,1545.0,108.67,519.9342105,33.48324,38.896,-4.798684211,144.0,2.072085321
4,140.0,873.6,1365.0,53.39,599.8848684,196.6476,68.068,-5.797697368,128.0,0.947759467
4,540.0,1311.36,2049.0,265.8,499.84375,11.38253,92.378,-5.796875,48.0,5.169041364
3,30.0,233.6,365.0,23.98,119.9917763,2.08163,4.862,0.000164474,40.0,0.951799783
4,130.0,745.6,1165.0,109.95,359.9177632,140.3993,48.62,-2.398355263,64.0,2.519798175
4,100.0,528.64,826.0,35.94,339.9342105,42.69556,38.896,-2.398684211,72.0,0.847525551
4,190.0,949.12,1483.0,101.33,519.9424342,145.7141,34.034,-4.198848684,152.0,1.932113233
4,280.0,1176.96,1839.0,249.1,399.9013158,19.84192,58.344,1.201973684,64.0,5.41588551
4,280.0,961.92,1503.0,132.2,479.8766447,79.722,72.93,-4.597532895,72.0,2.623848844
3,40.0,437.12,683.0,70.22,199.9424342,2.34737,34.034,1.601151316,24.0,2.1591385
3,30.0,392.96,614.0,81.63,139.9671053,6.15631,19.448,2.200657895,24.0,2.999915142
4,40.0,610.56,954.0,150.4,259.9095395,23.65086,53.482,4.401809211,16.0,4.056102211
4,200.0,1030.4,1610.0,142.9,519.8601974,96.1093,82.654,-2.197203947,72.0,2.724966133
4,300.0,1318.4,2060.0,239.8,499.8108553,49.1619,111.826,0.203782895,16.0,4.663570008
4,130.0,747.52,1168.0,167.4,219.9342105,11.60398,38.896,2.801315789,24.0,4.907736344
4,130.0,789.12,1233.0,96.56,479.8930921,107.1818,63.206,-1.997861842,88.0,1.916448583
4,80.0,578.56,904.0,168.0,299.9095395,44.08868182,53.482,0.201809211,32.0,4.217803139
4,40.0,513.92,803.0,127.0,279.9342105,1.610545455,38.896,1.601315789,48.0,3.300258032
3,30.0,464.0,725.0,86.0,339.9013158,44.69263636,58.344,0.401973684,40.0,2.028122543
4,140.0,609.28,952.0,132.0,439.8601974,59.99281818,82.654,-2.797203947,40.0,2.736457849
3,70.0,471.68,737.0,97.0,299.9177632,15.70281818,48.62,0.601644737,40.0,2.435245806
3,90.0,445.44,696.0,90.0,239.9835526,22.54763636,9.724,-0.199671053,80.0,2.525945258
3,20.0,312.96,489.0,50.0,219.9259868,11.67645455,43.758,0.401480263,16.0,1.465898477
3,50.0,454.4,710.0,81.0,279.9177632,13.68963636,48.62,0.001644737,32.0,2.10495082
3,40.0,224.64,351.0,53.0,119.9671053,4.026363636,19.448,0.000657895,16.0,2.103860519
3,40.0,362.88,567.0,104.0,159.9588816,29.79509091,24.31,1.600822368,24.0,3.575208085
4,150.0,683.52,1068.0,112.0,459.8601974,159.444,82.654,-5.797203947,48.0,2.270791584
4,50.0,973.44,1521.0,67.0,619.8355263,33.57182,97.24,0.803289474,88.0,1.170061621
4,310.0,1324.8,2070.0,112.0,779.7861842,84.151,126.412,-5.395723684,104.0,1.743823068
4,260.0,1040.0,1625.0,142.0,499.9588816,74.8501,24.31,-2.999177632,160.0,2.761171388
4,80.0,537.6,840.0,73.0,259.9671053,3.18888,19.448,0.400657895,72.0,1.968501839
3,40.0,432.0,675.0,33.0,259.9917763,19.39902,4.862,-0.199835526,96.0,0.889828473
4,90.0,702.72,1098.0,96.0,319.9753289,28.74421,14.586,1.000493421,104.0,2.333378274
3,40.0,401.28,627.0,28.0,259.9917763,13.95135,4.862,-0.599835526,96.0,0.755005977
4,260.0,718.72,1123.0,120.0,299.9671053,150.586,19.448,-4.799342105,88.0,3.012427434
4,30.0,566.4,885.0,107.0,219.9506579,9.87667,29.172,2.800986842,40.0,3.136846802
4,70.0,524.8,820.0,40.0,319.9753289,38.79804,14.586,-1.199506579,104.0,0.972240948
4,170.0,915.2,1430.0,98.0,479.9424342,29.6743,34.034,-0.998848684,136.0,1.944928609
4,140.0,732.8,1145.0,75.0,399.9506579,40.7468,29.172,-1.599013158,112.0,1.630535353
4,130.0,803.2,1255.0,123.0,399.9259868,28.38989,43.758,0.801480263,88.0,2.674160459
3,70.0,449.28,702.0,45.0,259.9835526,29.76288,9.724,-0.999671053,88.0,1.213421654
4,200.0,778.24,1216.0,95.0,439.9835526,7.70646,9.724,-2.799671053,160.0,1.969144325
4,160.0,831.36,1299.0,61.0,519.8848684,26.574,68.068,-2.597697368,96.0,1.163183975
4,210.0,771.84,1206.0,55.0,559.8766447,17.89316,72.93,-3.997532895,104.0,1.010621837
4,50.0,576.0,900.0,72.0,299.9588816,22.05642,24.31,1.000822368,80.0,1.807481237
4,290.0,825.6,1290.0,105.0,379.8930921,139.9564,63.206,-5.197861842,48.0,2.34223661
4,60.0,716.8,1120.0,77.0,399.9506579,131.5413,29.172,-0.999013158,112.0,1.674016296
4,70.0,638.72,998.0,42.0,419.9259868,32.86318,43.758,-0.798519737,96.0,0.891117718
4,40.0,532.48,832.0,97.0,199.9424342,19.66476,34.034,2.801151316,24.0,2.982575257
4,200.0,613.12,958.0,122.0,339.9342105,130.8568182,38.896,-5.198684211,72.0,2.876964863
3,110.0,354.56,554.0,45.0,239.9342105,5.636909091,38.896,-2.798684211,32.0,1.263102486
4,130.0,481.28,752.0,145.0,279.9671053,91.80109091,19.448,-1.599342105,80.0,3.767789771
4,240.0,915.2,1430.0,108.0,559.8766447,126.0251818,72.93,-7.397532895,104.0,1.984493788
1,300.0,1555.2,2430.0,204.5,759.8601974,112.4966,82.654,-3.997203947,168.0,3.22551175
1,340.0,1504.0,2350.0,125.0,899.7779605,114.7111,131.274,-7.595559211,144.0,1.811817714
4,200.0,972.8,1520.0,136.0,479.9259868,96.1093,43.758,-2.198519737,120.0,2.69913085
1,460.0,1472.0,2300.0,272.0,619.84375,12.4012,92.378,-3.396875,96.0,4.750069399
4,80.0,648.32,1013.0,66.6,399.9013158,18.6018,58.344,-0.598026316,64.0,1.448004717
4,200.0,1190.4,1860.0,168.7,599.8848684,205.0627,68.068,-2.997697368,128.0,2.994699795
4,150.0,1043.2,1630.0,156.0,559.8601974,64.6634,82.654,0.602796053,88.0,2.866533132
4,440.0,1433.6,2240.0,247.6,599.8601974,32.3317,82.654,-3.397203947,104.0,4.395393699
4,170.0,745.6,1165.0,120.0,359.8766447,130.2126,72.93,-3.797532895,24.0,2.750277898
3,40.0,313.6,490.0,40.41,179.9671053,2.2145,19.448,0.400657895,40.0,1.309677748
3,50.0,403.84,631.0,39.15,259.9588816,30.33865,24.31,-0.599177632,64.0,1.055726931
4,240.0,900.48,1407.0,108.73,439.9177632,15.98869,48.62,-2.798355263,96.0,2.253906016
4,160.0,741.12,1158.0,91.29,419.8848684,13.55274,68.068,-1.397697368,56.0,1.937002847
4,240.0,1096.96,1714.0,118.25,559.9177632,40.48106,48.62,-3.198355263,144.0,2.172757164
4,320.0,1013.12,1583.0,111.63,479.9177632,2.83456,48.62,-4.998355263,112.0,2.215489399
3,20.0,231.68,362.0,14.02,159.9917763,38.00082,4.862,-0.799835526,56.0,0.481916002
3,90.0,476.16,744.0,59.75,259.9342105,21.43636,38.896,-0.798684211,40.0,1.611307219
4,260.0,865.28,1352.0,42.0,579.8848684,172.731,68.068,-8.597697368,120.0,0.758316605
4,190.0,814.72,1273.0,135.0,339.9259868,40.70251,43.758,-0.598519737,64.0,3.183565202
3,30.0,416.0,650.0,68.0,179.9671053,13.287,19.448,1.600657895,40.0,2.203862581
3,50.0,471.68,737.0,39.0,279.9671053,16.16585,19.448,-0.399342105,80.0,1.013405525
3,50.0,327.04,511.0,23.0,199.9671053,89.4658,19.448,-1.999342105,48.0,0.707164939
4,240.0,952.32,1488.0,159.0,379.9177632,53.148,48.62,-1.598355263,72.0,3.546700274
3,40.0,250.88,392.0,23.0,139.9917763,2.74598,4.862,-0.199835526,48.0,0.845179078
4,80.0,505.6,790.0,88.0,239.9506579,39.65968182,29.172,-0.799013158,48.0,2.469982428
3,60.0,434.56,679.0,71.0,179.9588816,42.67945455,24.31,-0.799177632,32.0,2.301144389
4,110.0,603.52,943.0,102.0,279.9424342,43.88736364,34.034,-1.798848684,56.0,2.650562006
4,230.0,1173.76,1834.0,209.0,479.8848684,44.29,68.068,-1.597697368,80.0,4.148106729
4,170.0,779.52,1218.0,137.0,339.9259868,44.89395455,43.758,-2.998519737,64.0,3.230729131
4,70.0,497.92,778.0,78.0,239.9506579,31.003,29.172,-0.599013158,48.0,2.189302607
4,20.0,536.32,838.0,61.85,299.9506579,108.5105,29.172,0.000986842,72.0,1.552697875
4,260.0,830.72,1298.0,92.87,439.9342105,29.58572,38.896,-4.198684211,112.0,1.925101985
4,40.0,544.64,851.0,69.0,299.9095395,4.11897,53.482,1.401809211,32.0,1.732312004
4,330.0,1115.52,1743.0,90.0,659.8684211,10.23099,77.792,-6.997368421,136.0,1.52330196
4,100.0,577.28,902.0,70.59,299.9588816,37.15931,24.31,-0.999177632,80.0,1.772084729
4,10.0,547.2,855.0,47.59,339.9095395,16.29872,53.482,1.201809211,48.0,1.12229284
4,30.0,509.44,796.0,25.0,339.9424342,73.9643,34.034,-1.198848684,80.0,0.589534849
4,130.0,632.96,989.0,80.0,299.9342105,12.4012,38.896,-0.998684211,56.0,2.00839508
4,230.0,856.96,1339.0,56.17,539.8930921,31.93309,63.206,-4.797861842,112.0,1.051048369
4,140.0,532.48,832.0,40.15,359.9424342,38.62088,34.034,-3.198848684,88.0,0.920113047
4,100.0,575.36,899.0,67.89,299.9506579,26.79545,29.172,-0.799013158,72.0,1.704327546
4,250.0,948.48,1482.0,42.0,639.84375,31.13587,92.378,-7.796875,104.0,0.721912378
2,20.0,131.2,205.0,9.0,119.9917763,4.8719,4.862,-0.399835526,40.0,0.357222604
3,60.0,477.44,746.0,28.68,319.9342105,90.3516,38.896,-2.398684211,64.0,0.697141554
4,90.0,688.64,1076.0,27.84,479.8848684,13.19842,68.068,-2.197697368,80.0,0.552551633
4,230.0,899.2,1405.0,82.0,519.8355263,75.293,97.24,-4.396710526,48.0,1.563698567
3,20.0,171.52,268.0,9.0,119.9835526,42.0755,9.724,-0.999671053,32.0,0.357234846
4,390.0,1229.44,1921.0,118.0,679.8108553,46.0616,111.826,-7.196217105,88.0,1.96770561
3,20.0,396.8,620.0,26.71,259.9588816,19.26615,24.31,0.000822368,64.0,0.720267339
3,40.0,349.44,546.0,12.38,239.9835526,33.17321,9.724,-1.599671053,80.0,0.347457803
4,120.0,517.76,809.0,83.0,239.9588816,7.21927,24.31,-0.599177632,56.0,2.329602597
4,150.0,723.84,1131.0,98.0,359.9342105,65.9921,38.896,-1.798684211,80.0,2.245880665
4,160.0,720.0,1125.0,97.0,359.9506579,63.91047,29.172,-1.999013158,96.0,2.222912727
4,270.0,1167.36,1824.0,194.0,519.8601974,77.5075,82.654,-1.797203947,72.0,3.699394191
3,50.0,325.76,509.0,45.0,179.9835526,3.41033,9.724,0.200328947,56.0,1.458371833
4,90.0,740.48,1157.0,136.0,299.9342105,5.44767,38.896,2.801315789,56.0,3.414271636
4,180.0,674.56,1054.0,71.0,399.9753289,6.51063,14.586,-2.799506579,136.0,1.543525862
1,390.0,1614.72,2523.0,291.0,699.8190789,149.1767727,106.964,-5.796381579,104.0,4.782690349
3,80.0,450.56,704.0,95.0,239.9671053,17.91731818,19.448,0.800657895,64.0,2.666366922
4,240.0,904.96,1414.0,124.0,459.8848684,39.65968182,68.068,-3.197697368,72.0,2.514023246
3,50.0,365.44,571.0,19.0,299.9506579,34.82804545,29.172,-1.799013158,72.0,0.476980754
4,190.0,838.4,1310.0,191.0,319.9424342,120.7909091,34.034,-1.198848684,72.0,4.642689175
4,130.0,612.48,957.0,89.0,339.9259868,43.88736364,43.758,-2.398519737,64.0,2.098794837
4,230.0,709.76,1109.0,145.0,299.9506579,28.38586364,29.172,-2.399013158,72.0,3.640116278
4,150.0,712.96,1114.0,145.0,319.9342105,65.62972727,38.896,-0.598684211,64.0,3.524599907
4,130.0,632.96,989.0,66.0,379.9342105,43.88736364,38.896,-2.798684211,88.0,1.472183342
4,280.0,1025.92,1603.0,123.0,599.8355263,143.3385455,97.24,-8.996710526,80.0,2.183540157
4,130.0,688.64,1076.0,126.0,259.9588816,44.08868182,24.31,-0.399177632,64.0,3.397741848
4,290.0,1073.28,1677.0,192.0,479.8848684,100.4577727,68.068,-3.997697368,80.0,3.810700918
4,190.0,865.28,1352.0,99.0,579.8601974,45.49790909,82.654,-4.397203947,96.0,1.787498595
4,370.0,1414.4,2210.0,251.0,499.8930921,153.6057727,63.206,-1.597861842,96.0,4.880983255
3,40.0,408.32,638.0,85.0,199.9424342,18.52127273,34.034,1.001151316,24.0,2.613596875
4,300.0,1248.0,1950.0,245.0,539.8684211,17.14023,77.792,1.002631579,88.0,4.584524374
4,190.0,1150.72,1798.0,175.1,559.8766447,110.725,72.93,0.002467105,104.0,3.217452429
4,80.0,780.8,1220.0,40.0,519.8848684,28.3456,68.068,-2.197697368,96.0,0.76274359
4,170.0,857.6,1340.0,102.9,539.9588816,132.87,24.31,-3.399177632,176.0,1.925338938
4,150.0,897.28,1402.0,96.41,459.9671053,10.40815,19.448,-0.799342105,152.0,1.954478331
4,240.0,999.68,1562.0,40.25,719.8766447,97.438,72.93,-6.997532895,168.0,0.652242369
4,230.0,1100.8,1720.0,108.0,659.9177632,106.296,48.62,-4.398355263,184.0,1.827894012
4,240.0,1072.0,1675.0,116.96,599.9342105,97.438,38.896,-3.998684211,176.0,2.076145134
4,220.0,916.48,1432.0,145.2,459.9013158,23.60657,58.344,-1.798026316,88.0,2.943787483
4,120.0,702.72,1098.0,79.29,379.9342105,12.8441,38.896,-1.398684211,88.0,1.768627533
4,220.0,945.28,1477.0,171.0,359.8766447,6.442181818,72.93,0.602467105,24.0,3.919146004
4,50.0,526.72,823.0,70.0,259.9095395,97.438,53.482,-0.198190789,16.0,1.887813529
3,70.0,476.8,745.0,65.0,239.9177632,41.47154545,48.62,0.001644737,16.0,1.824543906
3,40.0,277.12,433.0,31.0,159.9506579,15.90413636,29.172,-0.199013158,16.0,1.065714421
4,80.0,544.0,850.0,70.0,279.9177632,45.90054545,48.62,-0.198355263,32.0,1.819093301
4,150.0,913.92,1428.0,136.0,419.8684211,140.3187727,77.792,-1.197368421,40.0,2.88572184
4,70.0,571.52,893.0,71.0,299.9013158,132.2660455,58.344,-1.398026316,24.0,1.782548385
4,170.0,836.48,1307.0,136.0,359.8848684,23.55422727,68.068,0.202302632,32.0,3.116946004
3,70.0,283.52,443.0,16.97,179.9917763,46.411491,4.862,-1.999835526,64.0,0.549955658
4,140.0,660.48,1032.0,83.17,299.9671053,95.53353,19.448,-2.199342105,88.0,2.087863247
4,110.0,878.72,1373.0,83.67,499.8848684,76.53312,68.068,-1.197697368,88.0,1.627072622
3,20.0,248.32,388.0,16.53,159.9588816,0.296743,24.31,0.000822368,24.0,0.568251824
4,30.0,564.48,882.0,88.89,239.9259868,20.174095,43.758,2.401480263,24.0,2.495091205
4,80.0,515.2,805.0,20.9,259.9671053,140.17785,19.448,-2.199342105,72.0,0.563584773
3,40.0,439.68,687.0,44.94,219.9671053,0.713069,19.448,1.000657895,56.0,1.317426401
4,150.0,794.88,1242.0,81.1,459.9177632,98.7667,48.62,-2.598355263,104.0,1.644193498
4,340.0,1048.32,1638.0,178.8,339.9177632,0.097438,48.62,-0.998355263,56.0,4.216506249
4,70.0,904.96,1414.0,161.3,359.9177632,0.150586,48.62,4.801644737,64.0,3.696620698
3,20.0,414.08,647.0,10.48,279.9588816,15.802672,24.31,-0.399177632,72.0,0.272324253
3,70.0,361.6,565.0,16.0,279.9506579,23.95686364,29.172,-2.599013158,64.0,0.415768326
3,60.0,238.08,372.0,27.0,179.9424342,24.76213636,34.034,-0.998848684,16.0,0.875123069
3,40.0,167.04,261.0,14.0,140.0,14.09227273,5.0,-0.8,56.0,0.51444172
4,260.0,807.04,1261.0,28.0,579.8273026,44.89395455,102.102,-7.596546053,64.0,0.505569498
4,160.0,813.44,1271.0,101.23,399.9342105,57.1341,38.896,-1.598684211,96.0,2.200833171
3,50.0,283.52,443.0,30.74,159.9835526,2.83456,9.724,-0.199671053,48.0,1.056667522
4,190.0,1040.0,1625.0,193.6,379.9342105,162.1014,38.896,0.001315789,88.0,4.318404469
3,80.0,356.48,557.0,56.79,159.9753289,2.43595,14.586,-0.199506579,40.0,1.952169516
4,160.0,580.48,907.0,70.19,279.9424342,48.719,34.034,-2.398848684,56.0,1.823950463
4,140.0,995.2,1555.0,88.0,559.9588816,190.447,24.31,-3.799177632,184.0,1.616876196
4,170.0,991.36,1549.0,119.0,499.8601974,54.4767,82.654,-0.997203947,64.0,2.314167804
4,140.0,771.2,1205.0,114.0,359.9424342,50.0477,34.034,-0.198848684,88.0,2.612525214
4,40.0,518.4,810.0,15.0,379.8766447,40.86759091,72.93,-2.197532895,32.0,0.334612473
4,110.0,522.88,817.0,29.0,339.9177632,45.90054545,48.62,-2.798355263,56.0,0.683885242
4,110.0,542.08,847.0,30.0,339.9095395,45.69922727,53.482,-2.798190789,48.0,0.70747605
3,50.0,252.8,395.0,25.0,179.9588816,6.442181818,24.31,-0.599177632,32.0,0.810262109
4,250.0,739.84,1156.0,33.0,519.8190789,3.221090909,106.964,-5.996381579,32.0,0.629303281
4,80.0,495.36,774.0,28.0,439.8601974,20.13181818,82.654,-2.197203947,40.0,0.580460756
3,50.0,291.2,455.0,23.0,219.9835526,7.046136364,9.724,-0.799671053,72.0,0.674225066
3,120.0,453.12,708.0,24.0,279.9506579,43.88736364,29.172,-3.199013158,64.0,0.623652488
4,100.0,554.24,866.0,37.0,399.8930921,12.88436364,63.206,-1.997861842,56.0,0.804455337
4,120.0,517.76,809.0,23.0,299.9177632,43.48472727,48.62,-3.598355263,40.0,0.577429418
3,80.0,332.16,519.0,24.0,239.9671053,26.17136364,19.448,-1.999342105,64.0,0.673608486
4,60.0,538.88,842.0,25.0,359.8601974,23.35290909,82.654,-1.197203947,8.0,0.572987656
4,200.0,953.6,1490.0,94.0,439.8601974,13.48831818,82.654,-2.197203947,40.0,1.94868968
3,50.0,343.68,537.0,54.0,200.0,10.06590909,9.724,0.000328947,64.0,1.660232015
4,170.0,953.6,1490.0,135.0,620.0,128.0383636,102.102,-3.596546053,80.0,2.357602488
4,70.0,1014.4,1585.0,85.0,560.0,142.1306364,53.482,-3.398190789,136.0,1.56182423
4,90.0,980.48,1532.0,166.0,280.0,136.6950455,9.724,0.800328947,96.0,4.313342972
3,60.0,471.04,736.0,110.0,219.9753289,0.805272727,24.31,2.400822368,48.0,3.224735494
4,240.0,1321.6,2065.0,254.0,660.0,82.33913636,126.412,0.004276316,56.0,4.299364558
4,360.0,1081.6,1690.0,125.0,659.8026316,34.82804545,116.688,-8.796052632,72.0,2.115802643
4,380.0,1153.28,1802.0,202.0,399.9177632,69.0924,48.62,-4.798355263,80.0,4.391755826
1,500.0,1591.04,2486.0,255.0,659.8766447,120.9117,72.93,-6.997532895,144.0,4.315995326
4,150.0,585.6,915.0,47.0,359.9671053,80.1649,19.448,-4.399342105,112.0,1.077056818
4,50.0,486.4,760.0,39.0,299.9835526,124.4549,9.724,-2.399671053,104.0,0.979012076
4,330.0,1338.88,2092.0,191.0,579.9259868,93.4519,43.758,-3.398519737,160.0,3.448412782
4,280.0,1016.32,1588.0,99.0,519.8848684,92.5661,68.068,-5.197697368,96.0,1.887790386
4,150.0,853.76,1334.0,94.0,459.9342105,30.47152,38.896,-0.998684211,120.0,1.905689585
4,70.0,659.2,1030.0,54.33,399.9671053,54.29954,19.448,-1.199342105,128.0,1.181135524
4,120.0,690.56,1079.0,28.53,479.9342105,47.70033,38.896,-3.198684211,128.0,0.566217231
4,210.0,910.08,1422.0,97.0,499.9835526,42.0755,9.724,-2.999671053,184.0,1.886105751
4,260.0,1202.56,1879.0,65.7,779.8766447,150.80745,72.93,-7.397532895,192.0,1.022879739
4,30.0,588.16,919.0,28.51,419.9753289,37.07073,14.586,-0.599506579,144.0,0.604863658
4,160.0,999.04,1561.0,145.7,459.9671053,69.9782,19.448,0.200657895,152.0,2.953713233
1,430.0,1525.12,2383.0,260.0,579.9013158,10.89534,58.344,-0.598026316,136.0,4.694274319
3,20.0,458.88,717.0,53.96,259.9835526,21.12633,9.724,1.200328947,88.0,1.455027387
3,50.0,293.12,458.0,30.58,159.9753289,7.21927,14.586,-0.399506579,40.0,1.051194643
4,100.0,744.32,1163.0,96.0,379.9588816,51.02208,24.31,0.1,112.0,2.141288067
4,250.0,1016.96,1589.0,60.76,659.9177632,59.57005,48.62,-5.798355263,184.0,1.028359631
4,160.0,736.0,1150.0,57.0,459.9753289,83.17662,14.586,-3.399506579,160.0,1.155526076
4,50.0,616.32,963.0,54.0,379.9259868,16.60875,43.758,0.401480263,80.0,1.204526679
4,70.0,605.44,946.0,72.92,319.8848684,15.63437,68.068,0.402302632,16.0,1.772645838
4,30.0,521.6,815.0,35.27,359.9506579,21.08204,29.172,0.01,96.0,0.808269401
3,100.0,416.0,650.0,41.68,239.9835526,20.55056,9.724,-1.599671053,80.0,1.169793315
3,40.0,441.6,690.0,31.03,299.9506579,39.50668,29.172,-0.799013158,72.0,0.778984884
4,110.0,862.72,1348.0,48.0,579.8601974,39.59526,82.654,-2.597203947,96.0,0.866665985
3,60.0,307.2,480.0,34.0,159.9753289,13.287,14.586,-0.799506579,40.0,1.168757942
4,90.0,569.6,890.0,70.0,299.9506579,31.60695455,29.172,-0.399013158,72.0,1.757297514
4,120.0,561.28,877.0,82.0,279.9588816,55.76513636,24.31,-0.999177632,72.0,2.130781372
4,120.0,816.0,1275.0,120.0,259.9588816,68.24686364,24.31,-0.199177632,64.0,3.235944617
3,100.0,453.76,709.0,70.0,199.9753289,19.52786364,14.586,-0.599506579,56.0,2.152196863
4,320.0,1100.8,1720.0,170.3,479.8848684,163.873,68.068,-5.197697368,80.0,3.380012325
4,150.0,737.28,1152.0,86.0,379.8766447,67.3208,72.93,-1.797532895,32.0,1.918444848
4,80.0,590.72,923.0,65.78,319.8930921,104.0815,63.206,-2.397861842,24.0,1.599055738
3,50.0,336.0,525.0,56.0,139.9671053,1.55015,19.448,0.800657895,24.0,2.058008673
4,130.0,629.12,983.0,86.68,299.9259868,0.13287,43.758,-0.398519737,48.0,2.176125902
4,290.0,833.92,1303.0,95.46,439.8684211,77.9504,77.792,-5.597368421,48.0,1.978938063
3,70.0,353.28,552.0,52.93,159.9753289,4.78332,14.586,0.000493421,40.0,1.819481114
4,80.0,659.2,1030.0,57.0,359.9095395,31.66735,53.482,-0.198190789,56.0,1.3063223
4,50.0,490.24,766.0,23.08,319.9588816,10.23099,24.31,-0.399177632,88.0,0.560997445
4,80.0,586.88,917.0,90.01,259.9259868,10.27528,43.758,1.201480263,32.0,2.427381708
3,80.0,422.4,660.0,56.0,199.9753289,18.46893,14.586,-0.199506579,56.0,1.721757491
4,60.0,586.24,916.0,129.0,199.9835526,22.145,9.724,3.200328947,64.0,3.966109813
3,50.0,447.36,699.0,96.0,179.9835526,38.85440909,9.724,2.000328947,56.0,3.111193244
3,40.0,435.84,681.0,80.0,139.9917763,45.49790909,4.862,1.600164474,48.0,2.939753316
3,30.0,227.84,356.0,7.0,119.9753289,13.48831818,14.586,-0.799506579,24.0,0.277858847
4,70.0,497.28,777.0,102.0,199.9917763,13.287,4.862,2.000164474,72.0,3.135929329
3,40.0,380.16,594.0,23.0,259.9753289,12.48172727,14.586,-0.399506579,80.0,0.620203099
4,240.0,1150.72,1798.0,172.0,479.8684211,87.97604545,77.792,-1.797368421,64.0,3.413811408
4,180.0,1116.8,1745.0,180.0,419.8848684,177.5626364,68.068,-1.597697368,56.0,3.819262925
4,150.0,1115.52,1743.0,180.0,479.8684211,165.4835455,77.792,-0.197368421,64.0,3.572593334
3,60.0,344.96,539.0,49.0,159.9753289,7.247454545,14.586,0.000493421,40.0,1.684386446
4,50.0,726.4,1135.0,118.0,319.9177632,29.39245455,48.62,2.201644737,48.0,2.868368827
3,50.0,349.44,546.0,41.0,139.9753289,6.442181818,14.586,-0.199506579,32.0,1.506712087
4,60.0,736.0,1150.0,119.0,319.9177632,61.80468182,48.62,1.801644737,48.0,2.892677037
3,50.0,326.4,510.0,33.0,159.9671053,4.831636364,19.448,-0.399342105,32.0,1.134411867
4,80.0,524.8,820.0,92.0,219.9342105,32.19883,38.896,0.801315789,24.0,2.69720277
4,170.0,663.68,1037.0,73.0,339.9506579,68.02944,29.172,-2.999013158,88.0,1.721420938
4,90.0,565.76,884.0,135.0,159.9588816,3.05601,24.31,2.800822368,24.0,4.640895111
4,290.0,938.24,1466.0,84.0,559.9259868,52.21791,43.758,-6.198519737,152.0,1.543427159
4,190.0,821.76,1284.0,116.0,379.9259868,55.8054,43.758,-2.198519737,80.0,2.587501755
3,50.0,314.24,491.0,44.0,179.9835526,7.04211,9.724,0.200328947,56.0,1.42596357
4,190.0,863.36,1349.0,164.0,299.9342105,81.0507,38.896,0.201315789,56.0,4.117209914
4,320.0,1267.2,1980.0,155.0,659.8930921,162.1014,63.206,-5.997861842,160.0,2.623415445
4,370.0,1002.24,1566.0,182.0,359.9259868,34.1033,43.758,-3.598519737,72.0,4.170968884
4,120.0,590.72,923.0,57.0,379.9424342,24.15818182,34.034,-1.598848684,96.0,1.271417308
4,100.0,493.44,771.0,75.0,279.9835526,10.66986364,9.724,0.000328947,96.0,1.948799535
4,260.0,1104.64,1726.0,205.0,499.8848684,0.805272727,68.068,-0.797697368,88.0,3.986493218
4,150.0,849.28,1327.0,175.0,299.9835526,6.240863636,9.724,2.000328947,104.0,4.393002907
3,20.0,250.88,392.0,13.0,159.9753289,9.260636364,14.586,-0.199506579,40.0,0.446878037
3,30.0,345.6,540.0,58.0,179.9835526,0.201318182,9.724,1.600328947,56.0,1.879679252
4,100.0,633.6,990.0,104.57,279.9506579,16.56446,29.172,1.200986842,64.0,2.717305863
4,90.0,517.76,809.0,86.0,239.9753289,17.76029,14.586,0.600493421,72.0,2.413722381
4,100.0,622.08,972.0,85.4,339.9424342,10.36386,34.034,0.401151316,80.0,2.013851045
1,440.0,1440.0,2250.0,241.0,599.9177632,57.22268,48.62,-3.398355263,160.0,4.278025273
4,230.0,930.56,1454.0,85.0,559.9013158,99.2096,58.344,-4.798026316,128.0,1.5618357
4,230.0,1030.4,1610.0,165.0,459.9177632,17.716,48.62,0.001644737,104.0,3.345153233
4,80.0,832.64,1301.0,51.3,559.8766447,39.01949,72.93,-1.197532895,104.0,0.942634549
4,120.0,682.88,1067.0,82.45,359.9342105,27.68125,38.896,-0.798684211,80.0,1.889518988
4,250.0,1083.52,1693.0,99.32,639.8930921,22.145,63.206,-3.597861842,152.0,1.70708507
4,280.0,1064.96,1664.0,191.7,419.9013158,20.55056,58.344,-0.598026316,72.0,4.067435353
4,110.0,820.48,1282.0,79.78,479.8930921,21.56923,63.206,-0.197861842,88.0,1.583412054
4,320.0,1109.76,1734.0,103.81,639.9013158,79.722,58.344,-6.598026316,160.0,1.7842465
4,340.0,1175.68,1837.0,105.87,679.9259868,85.0368,43.758,-6.998519737,200.0,1.765282667
4,120.0,602.88,942.0,61.37,359.9506579,46.9474,29.172,-1.799013158,96.0,1.406393341
3,50.0,441.6,690.0,35.73,279.9342105,17.716,38.896,-0.398684211,48.0,0.928489917
4,190.0,844.8,1320.0,85.0,479.9506579,144.8283,29.172,-4.599013158,144.0,1.686913423
4,190.0,925.44,1446.0,218.0,279.9259868,13.287,43.758,3.401480263,40.0,5.665093063
3,30.0,248.96,389.0,17.8,159.9671053,0.3,19.448,-0.199342105,32.0,0.611894886
3,60.0,284.16,444.0,28.0,159.9588816,1.01867,24.31,-0.599177632,24.0,0.962556023
4,60.0,593.28,927.0,101.0,259.9424342,29.85146,34.034,1.801151316,48.0,2.723672883
4,200.0,1267.2,1980.0,224.0,539.8930921,66.0,63.206,1.602138158,112.0,4.191469371
3,20.0,220.16,344.0,6.0,179.9753289,3.019772727,14.586,-0.599506579,48.0,0.19445402
3,40.0,218.88,342.0,19.0,139.9753289,3.825045455,14.586,-0.599506579,32.0,0.698232431
4,40.0,766.08,1197.0,76.0,299.9259868,15.5015,43.758,-0.398519737,48.0,1.908001483
3,80.0,430.08,672.0,75.0,219.9671053,7.448772727,19.448,-0.399342105,56.0,2.198642191
4,260.0,1014.4,1585.0,103.0,479.9506579,190.447,29.172,-5.199013158,144.0,2.044142148
4,150.0,743.68,1162.0,25.0,439.9835526,3.67607,9.724,-1.399671053,160.0,0.518195875
4,280.0,1017.6,1590.0,157.0,439.9013158,3.27746,58.344,-1.998026316,80.0,3.254574264
3,70.0,370.56,579.0,33.0,219.9753289,39.861,14.586,-1.599506579,64.0,0.967384481
4,110.0,690.56,1079.0,101.0,319.9342105,14.03993,38.896,0.401315789,64.0,2.455066142
4,240.0,1043.2,1630.0,152.0,499.8355263,198.8621,97.24,-3.996710526,40.0,2.955984766
4,230.0,923.52,1443.0,104.61,499.9342105,18.278483,38.896,-2.998684211,136.0,2.034177929
4,50.0,536.96,839.0,70.0,279.9177632,28.7885,48.62,0.601644737,32.0,1.819093301
3,80.0,347.52,543.0,52.0,199.9506579,3.215454,29.172,-0.399013158,32.0,1.598873443
4,90.0,534.4,835.0,35.26,339.9588816,16.3873,24.31,-1.599177632,96.0,0.831459837
4,230.0,899.84,1406.0,75.0,539.8519737,151.0289,87.516,-6.197039474,72.0,1.403447207
4,50.0,515.2,805.0,22.94,339.9177632,135.0845,48.62,-2.798355263,56.0,0.540976809
4,150.0,894.08,1397.0,59.38,559.9588816,1.7716,24.31,-2.399177632,184.0,1.091023961
3,100.0,325.12,508.0,44.0,199.9588816,23.20796,24.31,-1.599177632,40.0,1.352865093
4,150.0,755.2,1180.0,91.0,399.9259868,38.44372,43.758,-1.798519737,88.0,1.978443917
3,80.0,332.16,519.0,48.48,159.9753289,2.39166,14.586,-0.599506579,40.0,1.666511325
4,220.0,962.56,1504.0,113.95,499.9588816,35.65345,24.31,-2.199177632,160.0,2.215742814
4,400.0,1372.16,2144.0,213.6,599.84375,38.26656,92.378,-3.396875,88.0,3.79187789
4,40.0,602.88,942.0,45.75,379.9424342,34.28046,34.034,0.001151316,96.0,1.020479681
4,50.0,582.4,910.0,40.32,379.9177632,37.82366,48.62,-0.598355263,72.0,0.899389654
4,160.0,648.96,1014.0,95.01,299.9259868,20.46198,43.758,-1.198519737,48.0,2.385252907
4,240.0,844.8,1320.0,55.96,539.9177632,36.920144,48.62,-5.398355263,136.0,1.047094942
3,70.0,323.2,505.0,50.0,139.9506579,5.49196,29.172,-0.199013158,8.0,1.837615715
4,390.0,1436.16,2244.0,283.8,499.8684211,108.9534,77.792,-0.997368421,72.0,5.518953113
4,130.0,966.4,1510.0,148.9,419.8848684,8.4151,68.068,2.602302632,56.0,3.159379164
4,340.0,1029.12,1608.0,188.8,379.9177632,3.0,48.62,-1.998355263,72.0,4.211427747
4,110.0,630.4,985.0,29.78,419.9177632,79.98774,48.62,-3.398355263,88.0,0.631851083
4,380.0,1009.28,1577.0,95.0,579.8848684,69.5353,68.068,-8.197697368,120.0,1.715239941
4,260.0,1131.52,1768.0,153.4,539.8684211,95.97643,77.792,-2.997368421,88.0,2.870473628
4,10.0,511.36,799.0,96.96,199.9588816,16.3873,24.31,3.600822368,40.0,2.981222713
4,100.0,585.6,915.0,106.45,219.9506579,5.3148,29.172,1.600986842,40.0,3.120722823
4,120.0,832.64,1301.0,103.0,459.8766447,66.23368182,72.93,-0.597532895,64.0,2.088279916
4,140.0,633.6,990.0,110.0,259.9342105,21.13840909,38.896,-0.198684211,40.0,2.966423331
4,20.0,501.12,783.0,82.0,219.9342105,50.53086364,38.896,2.001315789,24.0,2.404028556
4,140.0,825.6,1290.0,89.0,459.8766447,72.87718182,72.93,-1.597532895,64.0,1.804436044
4,110.0,622.08,972.0,92.0,299.9095395,43.48472727,53.482,-0.198190789,32.0,2.309749338
3,90.0,467.84,731.0,64.0,239.9342105,16.50809091,38.896,-0.198684211,32.0,1.796412425
3,50.0,277.76,434.0,38.0,139.9588816,2.617136364,24.31,0.000822368,16.0,1.396546912
4,270.0,887.68,1387.0,101.0,479.9095395,47.71240909,53.482,-4.598190789,104.0,2.004535936
4,190.0,887.04,1386.0,138.0,399.9013158,87.37209091,58.344,-1.398026316,64.0,3.000370134
3,60.0,407.68,637.0,45.0,219.9342105,23.75554545,38.896,-0.398684211,24.0,1.319283964
4,160.0,1006.08,1572.0,133.0,499.8930921,196.8891818,63.206,-2.597861842,96.0,2.586337741
4,90.0,712.96,1114.0,72.44,419.9506579,35.96348,29.172,-0.399013158,120.0,1.536920745
4,220.0,1031.68,1612.0,125.0,559.9588816,70.864,24.31,-2.999177632,184.0,2.296699143
4,60.0,597.76,934.0,84.0,279.9753289,0.651063,14.586,1.600493421,88.0,2.182687535
4,50.0,510.72,798.0,38.05,319.9671053,21.635665,19.448,-0.399342105,96.0,0.924856086
4,130.0,748.16,1169.0,91.0,379.9506579,20.670143,29.172,-0.599013158,104.0,2.029784613
4,40.0,486.4,760.0,37.07,299.9753289,13.7299,14.586,0.000493421,96.0,0.930576285
4,60.0,597.76,934.0,86.2,279.9424342,17.93745,34.034,1.401151316,56.0,2.239984754
4,60.0,560.64,876.0,114.0,199.9506579,3.228741,29.172,2.600986842,32.0,3.505222547
4,90.0,590.08,922.0,30.0,399.9588816,48.09894,24.31,-2.399177632,120.0,0.652207436
4,180.0,1016.96,1589.0,80.0,639.8930921,124.012,63.206,-4.397861842,152.0,1.375018179
4,100.0,721.92,1128.0,58.0,439.9588816,145.7141,24.31,-2.999177632,136.0,1.202248137
4,270.0,1276.8,1995.0,200.0,619.8684211,126.2265,77.792,-2.797368421,120.0,3.492628581
4,150.0,773.12,1208.0,72.41,439.9342105,45.57441,38.896,-2.398684211,112.0,1.500986699
4,270.0,1009.92,1578.0,140.0,479.9753289,14.1728,14.586,-2.799506579,168.0,2.77837423
4,170.0,986.24,1541.0,77.0,619.8519737,34.81194,87.516,-2.797039474,104.0,1.344679844
4,130.0,705.28,1102.0,85.48,359.9424342,14.1728,34.034,-0.598848684,88.0,1.958935573
4,180.0,1208.32,1888.0,250.0,419.9424342,84.151,34.034,2.001151316,112.0,5.304168255
4,230.0,1079.04,1686.0,105.72,599.9177632,186.018,48.62,-5.798355263,160.0,1.876650755
4,100.0,673.28,1052.0,70.0,379.9177632,47.43459,48.62,-0.998355263,72.0,1.561440372
4,90.0,634.24,991.0,56.0,379.9259868,19.22186,43.758,-0.798519737,80.0,1.249138778
4,50.0,568.96,889.0,83.0,279.9177632,12.31262,48.62,1.601644737,32.0,2.156924914
4,120.0,567.04,886.0,43.0,319.9177632,32.21090909,48.62,-2.998355263,48.0,1.045253047
3,90.0,366.08,572.0,55.0,219.9671053,15.09886364,19.448,-0.799342105,56.0,1.612337607
3,100.0,442.88,692.0,64.0,299.9588816,42.27681818,24.31,-1.199177632,80.0,1.606649988
3,80.0,463.36,724.0,32.0,279.9259868,30.60036364,43.758,-1.998519737,40.0,0.831573294
3,130.0,430.08,672.0,81.0,139.9835526,19.4876,9.724,-0.799671053,40.0,2.976587662
1,510.0,1637.12,2558.0,226.0,719.8519737,89.15577,87.516,-6.197039474,144.0,3.662342892
3,60.0,474.88,742.0,34.0,299.9588816,32.46457,24.31,-0.799177632,80.0,0.853532806
4,40.0,569.6,890.0,57.98,299.9013158,86.8084,58.344,-0.198026316,24.0,1.45566416
4,450.0,1362.56,2129.0,174.0,699.8766447,134.6416,72.93,-7.797532895,160.0,2.859635381
4,140.0,656.64,1026.0,50.55,399.9753289,113.3824,14.586,-3.999506579,136.0,1.098946934
4,140.0,803.2,1255.0,49.0,559.9259868,100.0954,43.758,-3.998519737,152.0,0.900332509
4,80.0,593.92,928.0,89.54,259.9342105,46.0616,38.896,0.601315789,40.0,2.414668592
4,160.0,921.6,1440.0,61.5,559.9095395,18.1589,53.482,-2.598190789,136.0,1.130025767
4,270.0,1104.0,1725.0,179.8,459.9095395,104.9673,53.482,-1.998190789,96.0,3.645235931
4,280.0,1098.24,1716.0,57.01,719.8766447,108.5105,72.93,-7.597532895,168.0,0.923834471
4,100.0,612.48,957.0,56.0,339.9753289,8.858,14.586,-0.799506579,112.0,1.320494175
4,240.0,1003.52,1568.0,60.15,639.8930921,186.018,63.206,-7.597861842,152.0,1.033841794
4,60.0,657.28,1027.0,42.8,419.9506579,26.574,29.172,-0.399013158,120.0,0.908064714
4,230.0,1082.24,1691.0,137.0,539.9095395,81.9365,53.482,-2.398190789,128.0,2.56349356
3,40.0,468.48,732.0,45.75,259.9835526,3.445762,9.724,0.600328947,88.0,1.233645348
3,40.0,273.92,428.0,11.99,179.9835526,1.585582,9.724,-0.599671053,56.0,0.388575073
4,190.0,853.76,1334.0,110.8,439.9259868,10.904198,43.758,-1.198519737,104.0,2.296794375
4,130.0,877.44,1371.0,84.93,499.9095395,10.080404,53.482,-0.398190789,112.0,1.651534217
1,430.0,1573.12,2458.0,261.1,619.9342105,193.85733,38.896,-4.998684211,184.0,4.559384665
4,430.0,1345.92,2103.0,140.8,719.9013158,8.587831,58.344,-7.398026316,192.0,2.281593837
4,70.0,629.12,983.0,56.37,359.9588816,12.26833,24.31,-0.199177632,104.0,1.291795454
4,140.0,797.44,1246.0,79.73,439.9506579,12.290475,29.172,-0.999013158,128.0,1.652692067
3,50.0,428.8,670.0,50.0,259.9506579,46.5045,29.172,-0.399013158,56.0,1.348331584
4,200.0,764.16,1194.0,44.0,479.8848684,86.3655,68.068,-4.997697368,80.0,0.873285627
4,180.0,760.32,1188.0,142.0,239.9259868,45.6187,43.758,0.201480263,24.0,3.985858376
4,100.0,569.6,890.0,93.0,259.9506579,22.5879,29.172,0.600986842,56.0,2.507896747
4,300.0,872.96,1364.0,98.0,399.9013158,36.98215,58.344,-5.198026316,64.0,2.130697632
3,40.0,385.92,603.0,29.6,259.9342105,41.6326,38.896,-0.598684211,40.0,0.798237551
3,30.0,207.36,324.0,11.7,119.9835526,9.7438,9.724,-0.399671053,32.0,0.4644053
4,180.0,855.04,1336.0,147.0,339.9671053,74.48772727,19.448,-0.399342105,104.0,3.466339132
4,80.0,485.12,758.0,79.0,219.9588816,57.77831818,24.31,0.000822368,48.0,2.3159464
4,20.0,498.56,779.0,43.0,299.9095395,42.67945455,53.482,0.401809211,32.0,1.079556756
4,290.0,1136.64,1776.0,174.0,519.8766447,57.17436364,72.93,-1.997532895,88.0,3.31796086
4,160.0,796.16,1244.0,121.0,339.9095395,38.04913636,53.482,-0.598190789,48.0,2.853486733
4,130.0,695.04,1086.0,96.0,319.9506579,58.18095455,29.172,-0.799013158,80.0,2.333468235
4,30.0,544.0,850.0,55.55,299.9588816,57.577,24.31,0.200822368,80.0,1.394521982
4,60.0,531.2,830.0,51.81,319.9095395,31.0,53.482,-0.398190789,40.0,1.259424568
4,60.0,816.0,1275.0,64.29,499.9177632,27.0,48.62,0.401644737,120.0,1.250162033
4,60.0,693.76,1084.0,27.17,479.9835526,143.0,9.724,-3.399671053,176.0,0.539198437
4,100.0,634.24,991.0,90.2,299.9424342,3.494481,34.034,0.201151316,64.0,2.26443441
4,50.0,493.44,771.0,32.6,299.9342105,9.47806,38.896,-0.398684211,56.0,0.818420995
3,30.0,382.72,598.0,39.0,199.9506579,26.0,29.172,0.200986842,32.0,1.199155082
3,90.0,453.12,708.0,91.0,179.9671053,18.29177,19.448,0.600657895,40.0,2.949286689
4,240.0,738.56,1154.0,60.3,419.9095395,24.0,53.482,-4.798190789,80.0,1.279415493
3,80.0,396.8,620.0,39.96,199.9424342,24.00518,34.034,-1.598848684,24.0,1.228698013
3,70.0,416.0,650.0,58.0,199.9424342,20.10766,34.034,0.201151316,24.0,1.783395514
3,20.0,294.4,460.0,42.0,139.9671053,25.99823,19.448,0.800657895,24.0,1.543506504
3,30.0,371.2,580.0,35.0,219.9342105,40.0,38.896,-0.198684211,24.0,1.026109749
3,80.0,418.56,654.0,34.0,259.9424342,45.0,34.034,-1.798848684,48.0,0.91687998
4,240.0,702.08,1097.0,56.78,419.9013158,53.0,58.344,-5.398026316,72.0,1.204741676
3,40.0,319.36,499.0,18.0,219.9506579,47.3903,29.172,-1.199013158,40.0,0.527693854
4,350.0,1091.2,1705.0,196.0,419.9342105,34.0,38.896,-2.398684211,104.0,4.15850863
3,20.0,371.2,580.0,19.0,259.9506579,15.0,29.172,-0.199013158,56.0,0.512366002
3,40.0,353.28,552.0,17.0,239.9671053,30.0,19.448,-1.199342105,64.0,0.477139344
3,50.0,408.32,638.0,73.0,179.9753289,17.05165,14.586,1.200493421,48.0,2.365857246
3,50.0,409.6,640.0,69.79,179.9753289,9.56664,14.586,1.200493421,48.0,2.261824345
4,230.0,809.6,1265.0,84.08,439.9259868,5.09335,43.758,-3.398519737,104.0,1.742910389
3,50.0,411.52,643.0,72.96,179.9835526,16.8302,9.724,1.400328947,56.0,2.364506865
4,220.0,812.8,1270.0,83.71,439.9342105,3.72036,38.896,-3.198684211,112.0,1.73522437
3,50.0,406.4,635.0,66.7,179.9753289,9.3009,14.586,1.200493421,48.0,2.161680525
3,60.0,453.76,709.0,72.09,219.9753289,16.87449,14.586,0.800493421,64.0,2.11329537
3,120.0,469.12,733.0,60.0,239.9177632,32.41222727,48.62,-1.598355263,16.0,1.684194375
4,160.0,837.12,1308.0,110.0,419.8766447,44.29,72.93,-0.797532895,48.0,2.334016867
4,190.0,821.12,1283.0,133.0,359.8848684,41.27022727,68.068,-0.597697368,32.0,3.048189842
3,40.0,304.64,476.0,42.0,159.9506579,35.83463636,29.172,0.000986842,16.0,1.443871151
4,180.0,828.8,1295.0,117.0,399.8848684,45.69922727,68.068,-1.197697368,48.0,2.543844383
4,320.0,874.88,1367.0,132.0,399.8766447,18.52127273,72.93,-4.197532895,40.0,2.87000779
3,70.0,354.56,554.0,44.0,199.9424342,18.92390909,34.034,-0.598848684,24.0,1.352920735
4,200.0,803.2,1255.0,108.0,379.9259868,93.41163636,43.758,-3.598519737,80.0,2.409053359
4,90.0,487.04,761.0,72.0,219.9588816,53.75195455,24.31,-0.599177632,48.0,2.110735959
4,250.0,1033.6,1615.0,160.0,419.9177632,192.0575455,48.62,-4.398355263,88.0,3.394767404
4,220.0,1236.48,1932.0,195.0,459.8930921,173.9389091,63.206,-1.997861842,80.0,3.95346895
4,110.0,659.2,1030.0,98.0,299.9259868,58.78490909,43.758,-0.398519737,48.0,2.460317702
4,360.0,1257.6,1965.0,290.0,499.84375,18.73467,92.378,1.203125,48.0,5.639661383
4,390.0,1400.32,2188.0,122.1,819.8108553,54.12238,111.826,-7.796217105,144.0,1.854090786
4,210.0,968.96,1514.0,107.65,519.9095395,119.1401,53.482,-3.998190789,120.0,2.052684983
4,110.0,953.6,1490.0,133.2,459.9177632,33.2175,48.62,2.201644737,104.0,2.700450974
4,90.0,510.08,797.0,58.08,299.9259868,32.64173,43.758,-0.798519737,48.0,1.458114818
3,40.0,278.4,435.0,33.18,199.9506579,18.51322,29.172,-0.199013158,32.0,1.020204247
4,150.0,579.84,906.0,55.93,339.9588816,37.51363,24.31,-2.199177632,96.0,1.31887546
3,70.0,383.36,599.0,36.94,259.9342105,52.52794,38.896,-1.598684211,40.0,0.99617889
4,220.0,713.6,1115.0,60.44,419.9095395,44.20142,53.482,-4.398190789,80.0,1.282385944
